Perenniality,Woodiness,Genome_size,Pollination_wind,Pollination_insect,Pollination_self,Drought_tolerance,Salinity_tolerance,Disease_resistance,hybridization_success
0,0,4.663879572302683,1,1,0,0.648256954077822,0.03879945472888746,0.7202679239473956,1
1,0,4.457703187007997,1,1,0,0.17238636210516622,0.18677252823112933,0.6872830044131277,1
1,1,13.687564127294515,0,1,1,0.8723945633548149,0.8312458050899425,0.09575419866335766,1
1,1,4.493646797893085,1,0,0,0.6131162390692415,0.7667683563383357,0.9225724049058001,1
0,1,4.8072961658008335,0,0,1,0.15720388355695425,0.3506426914571469,0.5684722021568196,1
0,0,11.631575673851492,1,0,0,0.9623380574812068,0.3768106277742125,0.36372552113568424,0
0,0,7.29635779430756,1,0,1,0.5183654633353206,0.5335544335535795,0.7565385834953067,0
1,1,11.873947797372537,0,0,1,0.072898451871655,0.0002410046851345493,0.25736545840163405,1
1,0,1.9151262059013934,1,1,0,0.6268329044150672,0.24124433603802786,0.6935098370463204,1
1,0,7.82599671142738,0,0,0,0.2531989070128102,0.20823180860821444,0.03971120757224722,1
0,0,1.4705904025659569,0,0,0,0.8036934518773025,0.25048294674976346,0.839408037609272,0
1,1,1.8771448483749633,0,0,1,0.8178220735661906,0.8059058425334413,0.4481708470213185,1
1,1,13.690124346821753,0,1,0,0.9789473558546619,0.27967385654644317,0.6366929143579417,1
0,0,2.9494351956463323,0,0,0,0.5018695310245037,0.19152132205014816,0.22123781980668367,0
0,1,8.45388955185304,1,1,0,0.45495687972773713,0.5042634607930315,0.677073712658448,1
0,1,6.755338436409891,0,0,0,0.7534756054464806,0.8656450363727319,0.7722402758932766,0
0,0,5.862806567623798,1,1,0,0.13247065634192656,0.24134970383749987,0.47321318688439873,0
1,0,13.597666839621814,0,1,0,0.5469155137931242,0.0785362427927987,0.6177269240617943,1
1,1,1.305527554856853,0,0,0,0.5462476001308509,0.3564047358496647,0.45632592382239856,1
0,0,10.293055606458248,1,0,1,0.08947312281038722,0.7476518245649778,0.8940913692578455,1
1,0,14.487522078989706,0,0,0,0.41798408550691357,0.5506905446947946,0.49786918051431917,1
0,0,8.842354568465787,0,0,0,0.853284798567202,0.8167933695743474,0.8418087090288189,1
0,1,14.115514468463285,1,1,1,0.8561536219946603,0.959592147609234,0.8013520582702486,1
0,1,1.7316103100043327,0,1,1,0.099237664919681,0.792662476751617,0.41050482134835653,0
1,1,6.86310646703826,0,1,1,0.09072088274783086,0.6038030788437534,0.23008449185747504,1
1,0,4.642209073468717,0,1,0,0.2626954770019353,0.4933415880523805,0.406082132559771,1
0,1,11.231493509730218,1,0,0,0.8747660625539935,0.04006908634826667,0.8262173757752201,1
1,1,14.738159266961453,1,0,0,0.12890258507349894,0.9843219788140413,0.22763253581939236,1
1,0,4.5914208742194695,1,1,1,0.7199968026274463,0.3834811225750425,0.5244363458577493,1
0,1,10.158444420637043,1,0,0,0.10116561961310322,0.1522282139168668,0.8060967479607475,1
1,0,3.773366858636362,0,1,0,0.6231378537478254,0.6667088553964567,0.3534774751283788,0
0,0,8.91462356400254,0,0,0,0.3560672991191448,0.28428828909545933,0.6422096370026974,1
0,0,7.495054813636707,1,0,0,0.788913962965867,0.5857782709310476,0.24563157404881453,1
1,0,14.608074614841518,0,1,0,0.2336904488253636,0.5867679078445912,0.10927944536815992,0
1,0,9.519381817750531,0,0,0,0.6392018293899598,0.44572982090286917,0.7943842250928563,1
1,0,5.8930892092154625,0,1,0,0.23568253457588495,0.8361186155450426,0.09896862340870682,0
0,0,2.597340988431067,0,1,0,0.7136602831121538,0.26496706155544303,0.2713813950795846,0
0,1,3.117455602289084,1,1,1,0.8736780345607488,0.44863259161773417,0.8551094219974401,1
1,0,4.1544370193172915,0,1,1,0.12680179912676004,0.5376921285909715,0.3464692870786672,1
1,0,4.513533258764172,0,1,1,0.8665956885955035,0.6636247207672996,0.9730453495141611,0
0,0,12.90862480977593,0,1,1,0.5935752544142979,0.7839718505055895,0.9797343347738597,0
1,1,8.85711903595535,1,0,0,0.12711049086702397,0.39480728287825606,0.2682760204535567,1
0,0,8.32747275924113,0,0,0,0.427541855359712,0.646046944096596,0.04097822224989045,1
1,0,2.6067642061690446,0,1,0,0.1608602934850979,0.15061095306851913,0.7050632842053791,1
0,1,13.04195570689209,1,0,0,0.7003478888665695,0.9326481005424786,0.4509865026483437,1
1,0,11.119400244918772,1,0,0,0.7588681344179496,0.38305880642100354,0.10075284395957629,0
0,0,1.9473570666000222,0,0,0,0.10579652027279896,0.7295214219764384,0.7075228189780428,1
1,0,10.909691361216762,0,1,0,0.5061398526946443,0.020341081882177647,0.031174909111921223,1
1,1,8.609535042797045,0,1,0,0.8146250560259172,0.205187142904807,0.8701966904922421,1
0,0,2.1441548404548953,0,0,0,0.9361630415509965,0.487082544323578,0.13865252911330372,1
1,1,7.416208981401191,0,1,0,0.51351786674177,0.8782524677323466,0.127311878746725,0
1,0,7.785748019820658,0,1,1,0.950279223611407,0.5272551499506771,0.17567229796858452,1
1,1,3.3208435622858605,0,1,0,0.5356889704560298,0.929870482293879,0.9602663584920665,1
1,1,14.239774058003952,0,1,0,0.39419049459990796,0.48379689658279634,0.693169360253846,0
1,1,12.899655200729267,1,1,0,0.8482031285528955,0.49044909673594994,0.8013715354636367,0
1,0,10.366312722607516,1,0,0,0.49298271045808906,0.11974678850053189,0.397634985732753,1
0,1,7.472137854008501,1,1,0,0.47190251056452304,0.8026562441522198,0.33631272750495556,1
0,0,6.764717582183119,0,0,0,0.4903124894098283,0.2469654124670625,0.23448400678316994,0
0,0,10.113628540113359,0,1,0,0.8467850018697454,0.8996124893723151,0.48064802831240894,0
0,0,8.636046171696677,1,1,0,0.8319415416880521,0.9108242203303961,0.5518287335341685,0
0,1,1.8718234823463986,0,0,1,0.4035199924402112,0.9433101118741497,0.6317748436527554,1
0,1,8.175037082784645,0,0,1,0.333299859870525,0.52023048910309,0.2571185039986945,1
1,1,12.289650641259753,0,1,0,0.4919280240391293,0.6770937847836443,0.9486540809029906,0
0,0,7.429358286357413,1,0,0,0.572772509737109,0.7785158800616635,0.16975849820713584,1
0,0,1.7273920857597578,1,1,1,0.23833721062799695,0.1310146186504656,0.9656531747664123,1
1,1,12.007894791376463,0,0,0,0.7939550847155906,0.6009571949974972,0.014856122507503788,1
0,0,3.8190929499036415,0,0,0,0.4864827657324229,0.03429790130331167,0.4811256918168456,0
1,0,4.620691688432543,1,1,0,0.3340455484199596,0.4975660833887259,0.3333678381165628,1
0,0,3.3058889480521425,0,1,1,0.10682099296399061,0.1548426816202274,0.4491234139302508,0
1,0,5.623010908200966,1,1,0,0.23884516040360693,0.1829229259620847,0.570664578980789,1
1,0,11.59452107964089,1,0,0,0.9492811717559837,0.3650475666926015,0.43558915801270903,1
0,0,8.271402033055123,1,1,1,0.3050996868195266,0.432437166716503,0.41484685030159496,1
0,0,3.8683378381099756,0,1,0,0.16885928936703531,0.6231724245321872,0.7327234154133065,1
1,0,13.289621094128572,0,1,0,0.4606727916549932,0.07442841843851566,0.6858762750864646,1
1,1,13.314145969321409,0,1,1,0.3070877433602487,0.5036917612374446,0.8332712820358479,1
1,0,13.188097950644096,1,1,0,0.035159250271194153,0.18262513025310112,0.24995898123949556,0
1,0,4.34314695934155,1,0,0,0.32314521727941725,0.5739751750317419,0.6095285097540636,1
0,0,7.317350818533834,0,0,0,0.5441086239394686,0.6374046122611835,0.5851947853928539,1
0,0,14.78985518597225,0,1,0,0.5517123720199669,0.5567092565528539,0.36973781087268875,1
0,1,11.808174668339865,1,0,0,0.3565589211768887,0.7382955104783077,0.4860575419026809,1
1,1,1.3803438971578375,1,1,0,0.44730275625260063,0.3356092442409013,0.31378214330572873,1
1,0,1.9128642776468887,1,0,0,0.9655179182347664,0.7651065916331309,0.1418443976169852,1
0,0,7.495039275372658,0,1,1,0.3773484772303116,0.43276708170819367,0.21380121066273283,0
0,1,13.729082882061842,0,1,0,0.258226813259983,0.4841844983225968,0.10551364640120109,1
0,1,8.541825171338,1,0,0,0.24346704406676012,0.6481021272610714,0.6830695751901241,1
0,0,7.969375112480063,1,0,0,0.45776461270413416,0.01835838399922396,0.6607273931091515,0
1,0,2.476631799392828,0,0,1,0.7595201487169441,0.6539942214202483,0.9506063715798728,1
1,0,10.194921466140116,0,1,0,0.2059881841884732,0.6185851490721154,0.7296784136472413,1
1,1,12.509444248403156,0,1,0,0.7092961271407681,0.3098471167532799,0.052045838756131446,0
1,0,6.325880105105872,0,0,0,0.021149823349416286,0.08579428489948948,0.8842451739289542,1
0,1,11.858565912954585,0,1,0,0.418932977983946,0.09093544991304114,0.8626751629457258,1
1,0,14.502673154611362,1,0,0,0.7758650652027869,0.9232237469852286,0.4433203207726987,0
1,0,3.8527304277876473,0,0,1,0.3387329557744314,0.6892793212258371,0.5858630505279215,1
1,0,8.326614836726378,1,1,0,0.5637371014453995,0.1271026137707404,0.9760783324725189,1
1,0,5.019931413184057,0,0,0,0.2049792328259108,0.35672316930890635,0.5323043638481663,1
1,0,12.099961866473752,1,0,0,0.7419953911261723,0.5924829939015964,0.9053218283760898,1
1,0,9.086307122336205,1,0,1,0.05227910326875962,0.8355717050906487,0.08303875781018644,1
1,0,9.884153845704253,0,0,0,0.8525426448755004,0.04366092871300853,0.19105186870868285,1
0,1,12.170798234622517,0,0,0,0.19819638642166815,0.23663313147000886,0.4407549434413178,1
0,0,6.543586617274368,0,0,0,0.8743980317083307,0.88974899029538,0.5847568083373047,1
0,0,13.811260957698606,0,1,0,0.3525292413005173,0.009165550183816484,0.8162278518628002,1
1,1,8.462404141445958,1,0,0,0.7226835744744866,0.2013991027938874,0.9882621151431868,1
0,1,3.211367519694872,1,1,0,0.31922529778618847,0.959024175972966,0.38885149647411643,1
1,1,10.742587654363234,0,0,0,0.9059116712346476,0.6134018465221711,0.04741563614008493,1
1,1,12.105658906135561,0,0,0,0.12663712551837436,0.26167136663750645,0.8011715032953248,0
0,0,5.434663478945374,0,1,0,0.1785197892725987,0.0669910943958476,0.6043807190828081,0
1,0,13.000509597982541,1,1,0,0.4930301251588023,0.028191340447222157,0.19854285886820167,1
1,1,13.68600556672073,0,0,0,0.08193843903814613,0.24474507963692727,0.49482845662142017,0
0,0,4.876662823289325,0,1,1,0.19598018470176193,0.8814858195889105,0.7423102455337244,0
0,0,14.769300618013109,1,1,1,0.9437663822120144,0.4159136542975095,0.7704117870686438,1
0,1,2.9699613926826176,1,1,1,0.9764896611478872,0.720333369165993,0.499618411998762,1
0,0,3.8282193576348593,0,1,1,0.37625932933042194,0.9182850353799578,0.30521453012885913,1
1,0,3.579147749332366,1,0,0,0.9232860210139356,0.4080404616028166,0.9737425820384935,1
1,0,13.515855940110185,0,0,1,0.5448246756734317,0.19127737103739706,0.6633626109564928,1
1,0,10.160095732549467,0,1,0,0.26974246587376705,0.5171179308569195,0.4082375193462987,0
1,0,3.1294599651118205,1,0,0,0.7023987210805986,0.9080836870598544,0.2804632242046524,1
1,0,7.164527857156886,1,1,0,0.6589018065748572,0.8043744141377006,0.7311029830035621,1
0,1,9.614172350977228,0,0,0,0.9891253191087334,0.06582984336315378,0.2421834455937677,1
1,0,2.168497189851366,0,0,1,0.2650472874092833,0.6925728000775818,0.17170998897368817,0
1,0,13.353829157702743,0,1,0,0.6720595026617354,0.5718975224589538,0.5298338889620703,1
1,1,12.250449496181492,0,0,0,0.052023755029446894,0.9074631763464255,0.28998739264414186,1
1,1,8.072894830072936,0,1,1,0.11364603869671941,0.12248141685029723,0.628905144923615,1
0,1,14.539772613628386,0,1,0,0.003918374951093262,0.5340361132046566,0.11793867487423348,1
0,1,6.848653709851396,0,1,0,0.9994606810596731,0.8794626935118923,0.6549411045673216,1
0,0,14.77754446651097,1,1,1,0.8022736971474778,0.410023786741743,0.2832965279977022,1
1,0,10.35087998325078,1,1,0,0.7867230147335408,0.48199491773286707,0.00024293443451273156,1
1,0,9.88539782555518,1,1,0,0.5097260752881797,0.0704606776669583,0.12693605767417637,1
1,0,3.32336853414099,0,1,0,0.30006708290543993,0.2781436404489108,0.9336153778350941,1
0,0,13.346988616265016,1,0,0,0.15126428446267592,0.32450664916894734,0.8673546391153578,1
1,0,6.984855630888612,1,0,1,0.28467473884646366,0.9451224487448869,0.23360903203623684,1
1,1,3.271267680954711,1,0,0,0.3759712219291391,0.28266736054115904,0.7783719045454912,1
0,0,1.1765052796606266,1,0,0,0.756310096980294,0.460868735269652,0.6085715931739742,1
0,0,8.836579570937356,1,1,0,0.5396617889031524,0.6713044235642798,0.9709047114498695,1
0,0,8.383594709717467,0,1,0,0.07748362655548269,0.1621833724078774,0.3736056595340591,0
1,0,11.07095071316822,0,1,1,0.01802900895891224,0.4864423871418745,0.6814606125171713,1
0,0,13.46361274224923,1,0,0,0.10233217953406315,0.7385390394759076,0.06353572242391858,1
1,1,2.111692185002413,1,1,0,0.41049871369737934,0.866855213027066,0.39624734681640594,1
1,0,11.240950864765074,1,0,0,0.9331929170490183,0.6262592746624267,0.9638176611881805,1
0,0,3.623767217366151,0,1,0,0.6374024812092216,0.6690535153169479,0.5389808744501206,1
1,0,13.014478744200296,0,1,1,0.8018258998755151,0.12628347258456896,0.2878795033348446,1
1,1,12.466889194063185,0,0,0,0.46637459450454855,0.9457764972463472,0.12027096312860686,0
0,0,8.571112569797622,1,0,0,0.3616660831950428,0.13257407748448236,0.7035283401815304,0
1,0,10.943399180726361,0,0,0,0.10840037271662273,0.7746729371817983,0.6448560434297268,0
0,0,5.400901584572478,0,1,1,0.875933022186205,0.2648163217783188,0.3739387136037746,1
0,0,7.596350585059405,0,1,0,0.7831600290279028,0.9335931437012516,0.9509413518658343,1
0,1,12.502916567946603,0,1,1,0.1681180975977251,0.7199595393694795,0.022202812987850318,1
1,1,7.429712760424994,1,0,0,0.5122605638762605,0.753813712978369,0.3037238516318258,1
1,0,6.009175714556185,1,0,1,0.4873748079212449,0.21905917305988332,0.9210694862995814,1
0,1,7.918974261504198,1,1,0,0.6250915526865286,0.4430399766351608,0.3209354383194404,1
0,1,12.595489534121057,0,1,0,0.9461868939912612,0.6178131945892864,0.2522528338551704,0
1,1,5.692912663192218,1,0,0,0.5797714417624796,0.7699736182066009,0.5342204099312473,1
0,1,3.432662303900413,0,0,0,0.5402172667786186,0.10395937591238957,0.8238017499205379,1
0,0,10.968196284630931,1,1,1,0.050322932934663944,0.9623653164545284,0.10314676087836105,0
1,0,12.563694977913146,0,0,1,0.06290747601802393,0.890220670554556,0.9430207096457361,1
1,0,2.4089246993294666,0,0,0,0.1873467913267889,0.27034859049558435,0.795072881181164,1
0,1,4.358237578583227,1,0,0,0.03247077169174828,0.822760243032332,0.18125025555155194,1
1,0,2.9876078566539146,1,1,0,0.7433528955700124,0.5183239230398234,0.7120079611981627,0
1,1,5.871179762150333,0,1,1,0.7233303039939631,0.46180648156201864,0.38495872263755715,1
0,1,7.304913704675777,1,1,0,0.13605623443164294,0.3144341058114054,0.4022946780763187,1
1,0,11.48356871748629,0,1,0,0.8360789007952809,0.5809685866315925,0.7832900924388664,1
0,1,10.116066188343439,0,1,0,0.15478603484611198,0.7298891177035978,0.9627848079807322,1
1,0,9.692999944698036,0,0,0,0.3011755869973588,0.41093290496275825,0.12665587284719393,1
1,0,5.933249252535162,0,1,0,0.248976899161365,0.6292191930082921,0.4206302368788194,1
1,1,12.78026574318664,0,0,0,0.3723070985730478,0.6993129211553037,0.48094160808430353,1
0,0,7.598020343574304,0,1,0,0.25466376588996187,0.7111218170152859,0.3763118169549976,1
1,1,14.707469132212163,0,0,1,0.48895092643845206,0.05196609813118025,0.363189123716225,1
0,1,9.877989936140317,1,0,0,0.4074078813546854,0.8597478056850669,0.05226866756159654,1
0,0,2.7677063819030385,0,0,0,0.9865694907793265,0.45825331476504794,0.6855386205626233,0
0,0,10.466485869056076,1,0,0,0.055926350128225666,0.26241608169621444,0.4362144171200454,0
1,0,5.5514562160437855,0,0,1,0.14218137638735162,0.2417645074796816,0.19479380264392676,0
1,0,10.608580753605365,1,0,0,0.052825893908602484,0.48301411284395046,0.8160335023020684,1
0,1,1.9749760742736804,0,1,0,0.6258411949823758,0.8868315394689592,0.8025607481516279,1
1,0,3.448340120463431,0,0,0,0.05450927741371958,0.3783475816826469,0.4863916280888938,1
0,0,12.98032162468101,0,1,0,0.8364397373761233,0.7497257467835433,0.29845066114776053,0
1,0,4.180513798329208,0,1,0,0.5119386306819278,0.0968187309872186,0.6380927257964524,1
0,0,12.718575753401161,0,1,1,0.5270076245815337,0.4760567021510618,0.28815213577740306,0
1,1,4.909865238361746,1,1,1,0.5615945077121942,0.9916861403927356,0.23600793032371203,1
0,0,10.000346740821907,1,1,0,0.17081370630621073,0.770437802792337,0.7305146540263266,1
1,1,10.718108029137634,1,0,0,0.19769030311448754,0.210528488440613,0.0403252397209507,0
0,0,8.17716654403074,1,0,1,0.3188173228730047,0.5014414736979107,0.09476847103459396,0
0,1,5.2743494737542385,0,0,0,0.5934964158218514,0.23362476364856655,0.006788174023589777,0
0,0,3.9770212691953457,0,1,1,0.21011777594021452,0.40956092726250926,0.15294318647542615,1
1,0,1.464650963873967,0,1,0,0.11633172713326123,0.7800840237349648,0.06899000871045946,1
1,1,5.255249617370133,0,0,1,0.9701168864184322,0.7712248152904037,0.9958023677799186,1
0,0,10.144279067437962,0,0,1,0.021981814809622913,0.22810037790238513,0.2888099699540896,1
1,1,14.136267458278757,0,1,1,0.8026974053360216,0.9222233181548601,0.14926801266924727,1
1,0,13.196862751682728,0,0,0,0.7880351495750221,0.5925681827648268,0.24099625799591795,1
1,0,11.724906871494236,0,1,0,0.297214113845096,0.3799242909620145,0.9361255715401346,1
1,0,12.038262805546182,1,1,1,0.1356266160073134,0.5019355807808606,0.5201602230243957,1
0,1,10.309788648663934,1,1,0,0.14562864670542341,0.6050712534377437,0.3648180963078569,1
0,0,4.644016005924042,0,1,0,0.6974316172371925,0.5598905318457854,0.8733914579092193,1
1,0,13.700730429881618,1,1,1,0.6428065910861737,0.4864050355361782,0.39499027054903246,1
1,0,10.390252366681677,1,0,1,0.7827456742513867,0.5049328040894001,0.3350085699576958,1
1,0,8.846168833726159,0,1,1,0.9374811723991047,0.17641191042788618,0.20728252254973556,1
0,0,2.5538525689887352,0,1,0,0.691927363266592,0.8127329043046794,0.3777968239094115,1
0,1,7.258777613289956,0,0,1,0.15585153655144346,0.5417603199410154,0.316684356016926,1
1,1,7.445015796826969,1,0,1,0.24344261676541068,0.1310798617047031,0.677303959298141,1
1,1,13.10389053331738,1,0,0,0.8421937308731146,0.7661571015827779,0.2895827046707271,1
1,1,8.653075082629039,0,0,0,0.20930607583420857,0.9324439783773508,0.5771997464225614,1
1,0,6.3256076855857355,0,1,0,0.07252231695448141,0.9473068992369621,0.0658921650319727,0
1,1,14.67520459914923,0,1,0,0.7032800540422505,0.36901773241117275,0.19128915669651436,1
0,0,2.5500883065684192,0,0,1,0.40252635549014204,0.13551687356075404,0.40740527161134876,1
0,0,6.915677996367225,0,0,0,0.9200400525459036,0.5183996266330652,0.9369492539086954,1
1,0,1.588345452399674,1,1,1,0.6502550710936615,0.11260922934922069,0.3772519857156954,0
1,0,11.358657690737026,1,0,1,0.09041897779166075,0.9339874185126172,0.6640741211998341,1
0,1,13.853071730788109,1,0,0,0.9478565672536607,0.183579627355146,0.25508722242139814,1
0,0,4.9205226137068525,1,1,1,0.2585572636402459,0.2527658599511641,0.12703357597323173,1
1,0,13.016783475187692,1,1,0,0.33721249040628576,0.40663652688497043,0.05853660008005013,1
0,0,5.091055226466569,0,0,1,0.40226041368354204,0.3831644685591258,0.30541349854275135,1
0,1,13.750782263014813,1,0,0,0.05122429640431325,0.794662892397889,0.15766102679690797,1
1,0,11.555466650354976,0,0,1,0.49651542223060485,0.45631682055096234,0.1740104480161242,0
1,0,12.268694875780142,1,1,0,0.12331849107529225,0.1707682600033369,0.76075930838695,0
1,0,1.252091778406363,0,1,0,0.40097032668835175,0.2672098954860741,0.015838070944874216,0
0,1,14.479344999036364,1,0,1,0.3507097879920843,0.509113385187522,0.5578101257354344,1
1,0,11.173393888984526,0,1,0,0.7728400834265033,0.1474539174261349,0.3794613805934648,1
0,0,5.266515335405867,0,1,0,0.8031705116327311,0.6116556756460141,0.5065499999085472,0
0,0,12.611525308023857,0,0,0,0.153412882389088,0.5657473065511459,0.5628302372146029,1
1,0,4.941296777809019,0,0,1,0.3665511873792262,0.7147023163822577,0.3133676944572782,0
1,0,13.218553753925791,1,1,0,0.3733531610318317,0.9377046153793677,0.2951088601842853,1
1,0,2.5761254657671184,1,0,0,0.15141044393608505,0.9122545611011557,0.7334018493349057,0
1,1,10.85160368445114,0,0,0,0.7984535050511905,0.9460756180688313,0.8712769881211572,1
1,0,8.569778673028745,0,1,0,0.7072283283354233,0.24471559702370094,0.19258163245852788,1
0,0,2.351482582736171,0,1,0,0.19038178629703473,0.13156530663935462,0.09761876053514895,1
0,1,4.386513595623746,0,1,0,0.36672190859379905,0.3022767004964485,0.8977958063920259,1
0,0,1.173656507882407,0,1,0,0.10580502485651422,0.8950851727663146,0.34989546364739865,1
0,0,7.562751516503082,1,1,0,0.6282065970930439,0.9720534746234882,0.5513173906628142,1
1,0,5.217713650640006,0,0,0,0.12137192454861967,0.859324951070476,0.35954314452000347,1
0,0,9.377004780168622,0,1,1,0.9859341686249178,0.1100177211275436,0.1258023363460513,1
1,1,5.16132930792064,0,0,0,0.7806820746878623,0.9474279980597932,0.589331644947728,1
1,0,5.198867561097786,0,0,0,0.39023854958399506,0.423358027350786,0.5251408517696297,1
1,1,11.404704782242447,0,1,0,0.5785639322793544,0.009310290762353679,0.20299355919119721,1
1,0,1.6739997036969483,1,1,0,0.9113418162164088,0.4423937407481936,0.45186904465227784,1
1,0,13.640529932687821,0,0,1,0.5540992803958261,0.04606916967546759,0.7969475040156458,1
1,0,12.93169424147654,0,1,0,0.17449848639795518,0.5438779211611176,0.5904261031078913,1
0,0,10.349265565169691,0,0,0,0.3787033555811593,0.3385540274370513,0.09691732706699485,1
1,0,9.30510198150338,0,0,0,0.8431448650297454,0.47343493359404876,0.5480214972291351,1
0,1,13.492234973955131,0,0,0,0.6442130159896179,0.613170360743117,0.7027382992895869,0
0,0,3.594622513402002,1,1,0,0.6507243843338003,0.8688010958178203,0.7927034057807514,0
1,1,2.1055682706716006,1,1,0,0.8668214856884892,0.6619015764719286,0.6291175786342668,1
0,0,4.3531423787335335,0,0,0,0.8939730574625047,0.4340488684781807,0.15265816454078374,1
1,1,12.124095901802663,0,1,1,0.9197925717794363,0.8194278536703651,0.7101732665901607,1
1,1,1.4853837341707665,0,0,0,0.0948491932531561,0.9055821375731322,0.6773418460815164,1
1,1,9.159295691168854,0,1,0,0.5441260019631009,0.11975996643219722,0.02442688294063322,0
0,1,14.936125226678339,1,0,1,0.7405095212183186,0.5319329775527915,0.41174766759024317,0
0,1,12.979745313725552,1,0,1,0.7569268451270138,0.28451195974244414,0.3329502469623733,0
1,0,8.300239646610253,0,1,0,0.6067162019700039,0.0470611978769474,0.6694120642536434,0
1,0,1.8909727300129928,0,0,1,0.16678733518367417,0.6685466951139853,0.21613581231092072,0
1,0,12.639229201399937,0,0,1,0.7974205539416643,0.8627707774592256,0.5908719229742585,1
1,1,9.385699114480948,1,1,0,0.7201113335149457,0.16290265447739405,0.9132059618141724,1
1,0,2.6090619588339354,1,1,0,0.08613577154903629,0.8124136576239005,0.7978023722086077,1
0,1,2.3140019875269866,0,0,0,0.46380982467437626,0.8533957335369416,0.9214577362165304,0
0,0,13.734775472112293,0,0,1,0.17397739952180358,0.9143404426664835,0.97850596693269,1
1,0,10.368803681133098,1,0,0,0.3374770457129719,0.2652850890860524,0.010670127006162766,0
0,0,12.610015190434577,0,1,0,0.018081092205685434,0.9039530651898893,0.6227412763774776,0
0,0,13.305704603951742,0,0,1,0.40032986841075824,0.32066275473643224,0.41283939775890643,1
1,0,9.004812928676511,0,1,0,0.5498769211562105,0.5523380134555028,0.8598544903351217,1
1,0,8.244248924570577,1,1,0,0.6195825928270868,0.05050747083228213,0.2518147020091317,1
1,0,7.025983744493862,0,0,0,0.6634903451287101,0.043881088368743604,0.9810294891150761,1
1,0,5.4372522290756695,0,0,0,0.83629131310246,0.7203732127322029,0.6137079695437473,1
0,0,7.084343452021965,1,0,1,0.21546290727573003,0.44447997797779104,0.793537402228831,0
1,0,11.83431518022219,0,0,0,0.12048182243846794,0.25629237536921756,0.08559955282276832,1
1,1,9.426928034211842,0,1,1,0.8515371718979257,0.1904134960249102,0.18345788475886504,1
0,0,13.495326059367844,0,0,0,0.1566128148926499,0.6699534908592181,0.7584036730342032,1
1,0,7.207320201308628,0,0,0,0.9747600813361953,0.00040154402533987277,0.02198652203932361,1
1,0,9.499254102062556,1,1,1,0.842538229398637,0.8058911691968542,0.8168779858937828,1
1,0,9.838305743287842,0,0,0,0.5008766058895991,0.07924960612992882,0.013949018691911452,1
1,0,9.283760272288557,0,1,0,0.9814214249220252,0.19148961490811944,0.6571188390612733,1
1,0,10.836872823197229,0,0,0,0.09737672910800421,0.3862363952990896,0.36509392023180587,1
0,0,4.324068557247288,1,1,1,0.30306576117510164,0.4848587397161036,0.6114948527191991,0
0,0,8.173092885641069,1,1,0,0.6382244150406114,0.35499511581394183,0.6960314069891137,0
1,0,2.4591472393168674,0,1,0,0.35000686847317874,0.3207121649842939,0.3424752191863042,1
1,1,6.383158587027376,0,1,0,0.9283725519807918,0.9639160120731884,0.10796244811083555,0
1,1,7.827338960697702,1,0,0,0.06562608817781757,0.6415796812433943,0.06964586774826564,0
1,0,10.131139633636614,0,0,1,0.5494118320609646,0.02343295536738821,0.5889360225625478,1
1,0,14.307434736206849,1,1,0,0.5908662673951145,0.4301759084443132,0.5206553537341115,1
1,0,9.409114931676982,1,1,0,0.6527281237772241,0.8750086997439702,0.7422010091211325,1
1,0,11.410314826471836,1,0,0,0.25566622333181444,0.30145618641066796,0.5097355100039371,1
1,1,8.087724832932839,0,0,0,0.36456642751986446,0.09455634477438823,0.4224457900308791,0
1,0,9.877456439268638,0,0,1,0.8436805296649776,0.7583847715899178,0.39808717823623085,1
1,0,1.993051025872828,1,0,0,0.19494276897015983,0.6060138319360813,0.026446902597667465,1
1,0,4.561482131785858,0,0,1,0.826867847173362,0.5703125078265039,0.33555720169665715,1
0,1,6.065943304871942,0,1,0,0.5626554229027424,0.053576559607407925,0.9760201575244942,0
0,0,7.61490697009119,1,0,0,0.7621875111940821,0.14049900979551733,0.8735555762270888,1
0,0,1.6390824370333723,1,0,1,0.7136073662634715,0.6225493962131138,0.3293780670342177,0
1,0,2.9603373657464473,0,1,0,0.207511495384879,0.2078238414588358,0.5877954050663722,1
0,0,4.875400309078281,0,1,1,0.5688127364338729,0.5040700797484243,0.847296745535494,1
1,0,14.601457672614709,0,1,1,0.8677231528050924,0.5448816860293935,0.44127433675006866,1
1,0,5.638858099442711,1,1,0,0.43211623680192934,0.2835071902709394,0.01795786375015096,0
0,0,7.748574813569156,1,0,0,0.9665907702233167,0.9484251555414929,0.07451046181864007,1
1,0,3.745367978337501,0,1,1,0.45221510010171806,0.8424641068355752,0.5103927213487066,1
0,0,9.550920995060755,0,1,0,0.14278563666788469,0.7223735076327985,0.9694393756758783,1
0,0,4.9295650172236405,1,0,0,0.38943468007767323,0.07799386640940908,0.6932095422188678,1
1,0,3.897896098137975,0,1,0,0.9517024063905372,0.10613001930901944,0.07091619143856953,1
0,0,8.232016798243707,0,1,0,0.31972084933985423,0.4927813458649557,0.18936087579186278,1
0,1,1.0770811882458915,1,0,1,0.8680981598670628,0.16071334919098568,0.77132314321685,1
1,0,1.1072964570891546,0,0,0,0.8812506816818898,0.9782654635294741,0.8414397599562448,1
1,0,4.066963327426009,1,0,0,0.35018652433196107,0.15852023402740945,0.6176945861885909,1
0,0,1.514099075011496,0,0,0,0.08325765805063212,0.487467835463974,0.6444231696298166,1
1,0,2.5123605578296795,0,0,0,0.7245579091588182,0.3641210568415054,0.028337450383384644,1
0,1,5.744049090742522,1,1,0,0.311512299013986,0.639386421454098,0.8285302595815085,1
0,0,12.23619951411738,0,0,1,0.7829236142575724,0.12903640888942491,0.7882752081708296,0
1,1,9.008681007170212,1,1,0,0.4426548482604331,0.4303164280423909,0.25903514410334716,1
1,0,8.17734816338983,0,1,1,0.48526674234262157,0.27470503280714365,0.708676719965507,1
1,0,5.108843524913703,0,1,1,0.7779094067485368,0.887751524671688,0.2148546064249981,1
1,1,14.04455207205943,0,1,0,0.3823633310616279,0.040585712134695084,0.04033016105151299,0
1,1,6.558210577320684,0,0,0,0.44312734532291453,0.9137274940064593,0.20113654259037728,1
1,1,2.219298735140801,0,0,0,0.37619046876962214,0.8329941385530004,0.1786288767542995,1
0,1,9.638931225649218,0,1,0,0.36734051527727996,0.29757071644081545,0.33774799673484723,1
1,0,2.5937375086724197,0,1,1,0.5259465769014594,0.7892906546771047,0.4184494971754581,1
0,1,5.833123999223689,0,1,1,0.8087994445011507,0.03121356033874756,0.5085388914977079,0
1,0,8.103767142049325,1,0,0,0.36176831192256587,0.9668655502933936,0.47675387550832815,1
0,1,13.239115345592461,1,1,0,0.5242547205377367,0.5265949425897893,0.27067460596528936,1
0,0,7.909652124761662,1,0,1,0.6707273254426008,0.30328102606544527,0.029170668574074465,1
1,1,10.8316227244433,0,1,1,0.269439446303655,0.3625832125946771,0.6051016222371507,1
1,0,14.899435745986985,0,1,0,0.27752280490239256,0.06640535346049736,0.3957448298473544,1
1,0,2.840847678571743,1,0,0,0.9334131270234548,0.9893495140420392,0.2986721573875497,1
1,0,4.846241357273273,0,1,0,0.7235345733310886,0.03929194515069245,0.8669410428305123,1
0,1,6.52406505836705,0,0,1,0.5771866762233089,0.654907123147859,0.7467433077981598,1
0,0,6.905594499543639,1,0,0,0.647720054420612,0.4427359277064583,0.8577655483724422,1
0,0,6.754295053717641,1,1,0,0.029299443103418366,0.9489162181887151,0.494982794712461,1
1,0,13.706554035791768,0,1,0,0.6181029655616969,0.24599974030679517,0.13093125212677748,1
1,0,10.99645702253599,0,1,0,0.5095088732242019,0.5320868239380113,0.6962214361212724,1
1,1,9.510672997269852,1,1,0,0.5457496797794357,0.48235620858275297,0.20607377993717524,1
0,0,5.331218050078949,0,0,1,0.3594238268308171,0.7028664440501013,0.4412296690917168,1
1,1,12.533065379098126,1,1,0,0.08147389771294189,0.06801023195242051,0.0650007889488885,0
1,0,14.370847160789845,1,1,0,0.19333923361205219,0.19378913002335485,0.8253084024229824,1
1,0,12.496775955703171,1,0,0,0.9507447132126717,0.21456482009284983,0.12594064104750058,0
1,1,1.0219114726806207,0,1,0,0.40869956227093396,0.7381507548416897,0.9030975070493097,1
1,0,9.909619182567699,0,0,0,0.46668315583086417,0.18913869632674007,0.8642306022615571,1
0,0,1.7158953401894101,1,1,0,0.05270978985343899,0.5734917638909767,0.46458276443924607,1
0,0,4.6065010846721055,1,0,0,0.03756622954398059,0.2152438205009537,0.7443682043039906,1
1,1,1.8333458048688036,1,0,0,0.7171814470467577,0.8616249500839784,0.6194450738181533,0
0,0,9.453136341291428,0,0,0,0.5380946641211113,0.9421854544896385,0.8030756423377449,1
0,1,10.612258788896495,0,1,0,0.5087059842162667,0.5184929749422404,0.43180510078591205,1
0,1,2.602826932922672,1,0,1,0.24312453042266868,0.3523088842091783,0.78580848424435,0
0,0,6.373744362629713,1,0,1,0.7447507316299222,0.23405777501749914,0.46245681706514796,0
1,0,7.387311125377588,1,1,0,0.16823657910849188,0.049781001523043766,0.9409657878427938,0
1,0,6.166742304652832,1,1,0,0.18993474366102003,0.2685000761974954,0.4863721008251476,1
1,0,2.6943500067927024,0,0,1,0.46071217134827547,0.6542357799453179,0.46261927193372954,1
0,0,6.865269062624655,1,0,0,0.2862798621119409,0.5336169313092108,0.7850718615635127,1
1,0,11.516492669317854,1,0,1,0.24746298123314636,0.9440412782809274,0.821577691760838,1
1,0,1.9941073034655765,0,0,1,0.6452376445533317,0.3962772624917006,0.5544891143211708,1
0,1,2.122520197146648,1,1,0,0.6509717452185445,0.6938633423283945,0.1797978134950754,1
1,1,5.966798085703779,0,1,0,0.8245170697999292,0.4893227474751214,0.4677582309575795,0
0,1,14.18415996266495,0,1,1,0.41770856697297587,0.5125762159242117,0.9680725029096784,1
1,0,10.360017054120796,1,0,0,0.07308509102615024,0.2677743146041175,0.7529861930391851,1
1,0,10.501379393415908,0,1,0,0.2736663849214577,0.4549507768419997,0.8111626038791322,1
0,0,6.06687987173011,0,1,0,0.9800054631968169,0.47078499701270726,0.03282549881924013,1
0,1,9.311251076919538,0,1,0,0.5962585752327021,0.7066425217489339,0.4678594626341599,1
1,0,1.1418365763884073,0,1,0,0.7097370848010203,0.9406399991861139,0.6466211336575554,1
1,1,9.90534464973359,0,1,1,0.007357829625414536,0.3293212774825043,0.8300326836280747,1
1,0,13.786017266067315,0,1,1,0.5182057321825209,0.042200468581298445,0.04927365358277147,1
1,0,9.576028556827469,1,0,0,0.03752865753180312,0.4962951255006397,0.8524388856418731,1
0,1,13.23178030852883,0,1,0,0.569230212091448,0.5444613321491686,0.5484009367419117,1
0,0,11.135622776525313,0,1,0,0.9207708496360754,0.16844055113191525,0.19731397057605993,0
1,1,2.6878178296516637,0,1,0,0.9684191305004078,0.7604646062760667,0.3172552164497,1
0,1,13.634346302001784,1,0,0,0.5405526753889242,0.9849291084414916,0.28192955175156076,1
1,0,1.9302138209808484,0,1,1,0.45820480525221596,0.9457747170084609,0.5308590342884758,1
1,0,8.475544615668692,1,1,1,0.945017094248494,0.19710603882365219,0.05168567991113182,1
1,0,2.9899197331084073,1,0,0,0.6736098319966951,0.8753632399007607,0.15853615849992353,0
0,1,1.163892550232657,1,0,0,0.06489927953840946,0.7044936364116847,0.8126930433757824,0
1,0,6.908479641786946,0,1,0,0.46572557766749756,0.4538465638069116,0.13260399074681106,0
1,0,5.130569907158187,1,1,0,0.2402450184643039,0.540610994324729,0.23339626945812697,1
1,0,7.804006913166442,0,1,0,0.46980432144868156,0.8496001749824581,0.4533706056041573,1
1,1,9.080798414283711,1,0,0,0.45546557200636173,0.48013493963837317,0.5171208881133305,1
0,0,1.612347012325263,1,1,1,0.582144802814742,0.37320736910512686,0.7636104796141586,1
1,1,2.722046131732439,0,0,0,0.35677049034925123,0.4932474930259858,0.4473324266661878,0
1,1,8.820993550305955,0,0,0,0.16427044945592806,0.5791298040350491,0.7898646210355388,1
0,0,5.804342944417215,0,0,1,0.5037194345899563,0.18907765377834884,0.6183463070454575,1
0,0,11.208428825692272,1,0,0,0.8302028843457621,0.9009077302669907,0.11309973942382245,1
0,1,10.132083080287156,0,0,0,0.6640122280676023,0.6741869488296138,0.15633143839283858,0
0,0,12.838461081858696,0,0,0,0.33836786592521584,0.6332689173374889,0.4370337254497708,0
0,1,10.694899573369154,0,0,0,0.9355230227588572,0.09949622618063814,0.3968893930890396,1
1,0,7.019035083462073,1,0,1,0.9122075712491822,0.6041739381725918,0.7435442696372946,1
0,0,10.421532713522053,1,1,0,0.20934839938409877,0.12096066223849233,0.5807371397973519,0
0,1,4.85533643957586,1,0,1,0.039417585120362975,0.07869767519539905,0.3881330810022493,1
1,0,5.288388982894977,1,0,0,0.7413087083507622,0.5273108956423933,0.17076028345038563,1
0,0,12.045792238891107,0,1,0,0.8276102613491533,0.402785534046495,0.22683710232549514,1
1,0,7.249873229622151,0,0,1,0.9678645659513553,0.5888102701562232,0.575501018469059,1
0,0,12.177324767256934,1,1,0,0.8898363940883107,0.0892221680572386,0.42343880489979246,0
0,0,12.513913231355899,0,0,0,0.6005347682064148,0.4309830628472584,0.5149275088606721,0
1,0,13.005872727257973,0,0,0,0.5300523392123808,0.17478671504515797,0.17067743530223367,1
1,1,13.832893301776902,0,1,0,0.02784105126258629,0.9871000859241166,0.6629062523445658,1
1,0,7.033793087186147,0,1,0,0.24665644684477783,0.5611502124351744,0.852538740855967,0
1,0,5.464135456495944,0,1,0,0.45961475173292643,0.6874368609408673,0.2579395067869006,1
1,0,9.150782452317594,1,1,0,0.6285039000835678,0.3254182806826078,0.4915142258318266,1
0,1,6.196413928126786,0,1,0,0.5572518333184107,0.09473891477934415,0.9755273290209018,1
0,0,9.415038335203262,0,0,1,0.7426359896816905,0.9758708627835366,0.33324174055072764,0
1,1,10.878202077013544,0,0,0,0.27976693088704085,0.2862590353831832,0.5950463449237612,0
1,0,10.637670258889916,1,0,1,0.5649526076524732,0.4238081851735742,0.09019570020024437,1
1,0,6.243740418281699,0,0,0,0.08814224339079213,0.649863921702575,0.6060150024794432,0
1,0,3.3360428237825395,1,1,0,0.41366552358320696,0.024697297686111286,0.08963177330461791,1
0,0,7.0274107384709055,1,1,1,0.750160832954601,0.8102591305172869,0.959235435323822,0
1,0,2.9963180171467223,0,0,0,0.693400853429044,0.5365781900286203,0.7156626520723114,1
0,0,13.461358492573316,1,1,1,0.990642737172179,0.27821718706882215,0.7881597881357064,1
1,1,5.842284450330004,1,1,0,0.277891125987756,0.06160798529246925,0.7041043607716369,1
1,0,3.162436461126533,1,0,0,0.49818929917397914,0.16249841547444144,0.5897290360764658,0
1,0,1.3562686386805123,1,0,0,0.3295304137739967,0.8950338588534369,0.44991278108550536,1
1,0,10.041513408010779,0,0,0,0.44060311405917474,0.686024223935891,0.8583733797610624,1
1,1,9.916632444366405,0,0,1,0.8569501298693881,0.24990172163688984,0.956835667543063,1
0,0,5.768458332138083,0,0,0,0.6842090751884866,0.06560076494502953,0.4990361729040813,1
1,0,2.003966443867114,0,1,1,0.8824411913475817,0.6906153123866363,0.931535049155262,1
1,0,6.734804528533248,1,0,1,0.20351110833188646,0.5724077259677651,0.5833329099885175,1
1,1,5.35704493088751,0,0,0,0.873361117841438,0.404519524458235,0.5383841868964332,1
0,0,10.479688956290131,1,1,0,0.05976227417838442,0.36361144919006383,0.4544827329553567,0
1,0,9.480909492337664,1,1,1,0.8885992804371524,0.2168142759291083,0.20928776153011985,1
0,1,6.10431219476556,1,1,1,0.3290737794607279,0.6696112565375176,0.0037196608180591895,1
0,1,4.050495759569861,1,0,0,0.3145876334140665,0.9706680277938705,0.24150622685606127,1
1,0,14.832503526178286,0,0,0,0.5120885766986639,0.17571524583682585,0.5097231716035652,1
0,1,7.356022696745608,0,1,0,0.9406901877232318,0.5971166200155034,0.37995995225975254,0
0,0,10.635839300923319,0,0,0,0.04778136468140537,0.4241850557459762,0.4484852280026338,0
1,0,2.967741546097051,0,0,0,0.3522309750707453,0.4466887217446649,0.9806482195640496,1
1,0,7.798255795231569,0,1,1,0.8565719886833357,0.2541472801278144,0.3502723706693276,1
1,0,1.3855140781725168,0,1,0,0.39605447743546673,0.8251348756614191,0.4521829393601079,1
1,0,8.0763716507463,1,0,0,0.199156897597067,0.4852556041472411,0.13351555135281956,1
1,1,14.496243699647833,0,0,0,0.4247941813314118,0.5434058521982641,0.04795773243698764,1
0,0,6.378893981801204,0,0,0,0.3855525014916693,0.30476091279732576,0.7754095145924946,1
0,0,1.5459441760487622,1,0,0,0.9154162014667034,0.18180846566694975,0.5706831750719786,0
1,0,1.4333810728708094,0,0,0,0.7619343757430971,0.08591038820282049,0.760704806043895,1
1,1,6.431814639256173,0,0,0,0.5051155557440064,0.7141191409249159,0.14986279888655163,0
1,0,3.2403491104847166,1,0,0,0.9883705667215711,0.19623428168785562,0.5718287711826909,1
1,0,1.3269293485946028,1,1,0,0.4652775312759233,0.6900753541887977,0.25364247434137555,1
0,0,11.586990595302476,1,1,1,0.05823783082027523,0.3903764460469539,0.22806181690001992,1
1,0,7.419322124346469,0,1,0,0.2622743218149849,0.41577480098965147,0.011526014052985256,0
0,1,5.049426807617163,1,0,0,0.4360704802193126,0.4691774960927717,0.1303407235690719,0
1,1,13.60116456223073,1,0,0,0.1569026241461201,0.3677085081275432,0.30926811149969535,0
1,0,2.6259454428073585,0,0,1,0.947565126324043,0.10061997722259008,0.11687876059093905,1
1,1,14.38286360537447,1,0,0,0.7668488978177731,0.3096318100028458,0.9858584404109375,1
0,0,5.3955340432829395,1,0,0,0.26828720042777265,0.6637343606939384,0.30863264852395067,1
0,1,13.437651412321538,0,1,1,0.5908045335179158,0.665784401468871,0.13032394670232816,0
0,0,9.44120027071246,0,1,0,0.721449157109572,0.28622430723999437,0.19908231282795774,1
1,0,12.573903036380825,1,1,0,0.941278928906798,0.46010262655768797,0.5877032283414765,1
1,0,14.776184284946499,1,0,0,0.8816353491754106,0.19344722801193748,0.06404352386478851,1
0,0,5.03767612946244,0,1,0,0.5151922261382137,0.21037208152983577,0.8624341301411569,0
0,0,14.455896795706302,1,0,0,0.7746526197930176,0.023047088406607408,0.9614996792371473,0
1,0,6.4527465286338845,0,0,1,0.562144753827585,0.8967465499077446,0.24674742066738087,0
0,0,6.397166666316912,0,0,0,0.5527038900455401,0.2107066650749062,0.45009526859085935,1
1,1,5.76541945956308,0,1,1,0.1147419583381919,0.22753387693646332,0.02213445102949707,1
1,0,8.579706502866193,1,1,0,0.12613765801615207,0.2796014326451318,0.6407102247272215,1
0,0,3.158030604498819,1,0,1,0.5295336150224574,0.127408071695429,0.41392605805258886,1
0,1,8.751960795012156,0,1,0,0.2688615449790066,0.6392628831813628,0.2700584661015557,1
1,0,8.583867373740055,0,1,0,0.02103690246046863,0.07514295317758657,0.20683711061660848,0
0,0,11.666625376468179,0,0,0,0.7228392039002123,0.13420242632635027,0.6540230776587604,0
0,0,12.671099467126197,1,0,1,0.03248659669016496,0.6447567265900929,0.41621703103231444,1
1,1,7.166178904373936,1,0,0,0.5952768411040545,0.33966062048144274,0.17965928902991202,1
1,0,5.232665490920913,1,1,0,0.5391937941273144,0.707947826701189,0.689109081486824,1
1,0,4.630688562439323,1,0,0,0.9688146905778044,0.557424744670142,0.5650722830366937,1
1,1,3.724733713868207,1,1,0,0.48421313934764165,0.25602117306151306,0.8586720549294962,1
0,1,1.8070661507863484,0,0,0,0.06360143637779736,0.6508279504893281,0.1174758988764929,1
0,0,5.794271703685987,0,1,0,0.5516879678064617,0.11627368029288065,0.7856666019444561,0
1,0,4.783467689830966,0,0,0,0.8410961706161014,0.5364103830800304,0.673516786817259,1
1,0,14.529843402129703,1,1,0,0.9968492842814399,0.43714810504503465,0.11501093682809782,1
1,1,8.807923567500616,1,1,0,0.4303431736890725,0.2678735828174408,0.6948207298717207,1
1,0,5.861878546427105,0,1,0,0.3202987424967425,0.6040049977395001,0.4415472888798304,1
0,0,9.126546413911743,1,1,1,0.9066532969519989,0.8713335923402825,0.9449847855558431,1
1,1,2.9487538188397373,0,0,0,0.19124212907612137,0.9989046997630767,0.1416113506178993,0
0,0,7.21661248883084,0,1,0,0.6154289150329266,0.6077627687434245,0.642833390815738,1
1,0,9.767280499894893,1,0,0,0.4057144241809477,0.40470587432917016,0.38198004546294595,0
0,0,7.844569645094319,1,0,1,0.041082364955555284,0.2252071002162016,0.9568146705908778,1
0,0,6.624903209160539,1,1,1,0.34728847430569776,0.25709608939511175,0.32997489529027646,0
0,0,14.913877444595775,0,0,1,0.2652285225026746,0.4794549781497657,0.9621859094918002,1
1,0,13.324406670084977,0,1,0,0.6860911539434869,0.36727770128070925,0.9014858511007491,1
1,0,9.727683414232162,1,1,0,0.9487904976919181,0.9138145226249442,0.27038323531065633,1
1,0,8.97128305655196,0,0,0,0.26804718737863775,0.36829546765570953,0.8035417768264277,1
1,1,9.689246717544176,0,1,0,0.8114659391516817,0.3734445911454355,0.995604201803506,1
0,0,3.8183695095140653,1,0,0,0.05535981693840952,0.38353451243397696,0.25266300217128235,1
0,1,6.5319284057004605,0,0,1,0.5381210100398132,0.8366202103676581,0.43677716932331967,1
1,0,1.5524334604725905,1,0,1,0.07055006370989458,0.6507883208469019,0.5201807365667597,1
0,1,7.657644524815574,1,1,1,0.9340329911306393,0.6141688503188927,0.2949311358038643,1
1,1,8.602344175407286,0,1,0,0.7663512805573902,0.3341430223838622,0.01526483964602976,1
0,0,4.188496305444934,0,1,0,0.6579499112045923,0.8179041768324394,0.22012924419752666,1
1,1,14.496403860317193,1,1,0,0.8238963816246643,0.038363861355701134,0.28193688434175845,1
0,1,13.732364553121387,1,0,0,0.6475197955701631,0.8707971723381132,0.44359970131818716,1
1,0,11.110005296382681,1,0,1,0.9689443971742911,0.5127498997939296,0.17110247841340187,0
1,0,8.467412802715076,1,1,0,0.7139579478647715,0.3982502348634128,0.8732543566916726,1
1,0,13.17956823506759,1,0,0,0.9246586095822468,0.4971672807176857,0.7049111327313361,1
0,1,2.8291328135284806,1,0,0,0.517131892010638,0.6674155305338311,0.08520047755966198,0
1,1,12.06713711984839,0,0,0,0.11706441298186265,0.01276542651789736,0.6500924511399314,1
1,1,2.747491395535876,0,1,1,0.5281777214230171,0.8715518564582477,0.6536564764056204,1
1,0,12.118949275691676,0,1,0,0.1268728280630933,0.4467395253113928,0.9562211736436277,1
1,1,4.860745955518997,0,0,1,0.592493479176405,0.3429665197000782,0.0030208713561612477,0
1,0,13.279268134254645,0,0,0,0.48249306052766294,0.1382455656340571,0.2479324498058072,1
1,0,14.21658931355557,0,1,0,0.6225753978327817,0.43946537435844213,0.9277914793753155,1
1,0,3.083143571671619,1,1,1,0.010046981054831594,0.49632277128437885,0.932133915398283,1
1,0,7.47745847091551,0,0,0,0.1948404916553641,0.4036466944934778,0.7205864193706374,1
1,0,14.733823294277592,0,1,1,0.4913304319121309,0.6786600938268971,0.76576332104754,0
0,0,7.767704103624053,0,0,0,0.9505035615891348,0.420896528759226,0.09148295792964711,0
0,0,13.089665315203632,0,0,0,0.3836090403551584,0.9614175778465733,0.5138758347782336,0
1,0,9.242241309838478,0,1,0,0.42437202605363467,0.5992775178235918,0.2315829912889994,0
1,0,6.254618710874426,0,1,1,0.7146960890066222,0.807477935651909,0.18121804361361726,1
1,0,5.000969777362183,0,0,0,0.603792757286118,0.10935590310947885,0.8103032991233325,0
1,0,3.845123275205222,1,1,1,0.29892615009833323,0.3972912929459057,0.13503813668054743,1
0,0,11.66517467928776,1,1,0,0.4108163955674278,0.3368477014471527,0.46865163699638523,0
0,0,6.41156709552239,1,1,0,0.21769979885723245,0.5694823881365918,0.938578239586033,0
1,0,8.157856470810517,1,1,0,0.9660214591302085,0.8611135200614256,0.18583205556534255,0
0,0,7.892556720016547,0,1,0,0.13063438155735974,0.07833821776200667,0.9779934237382346,1
1,0,9.081906409263837,1,0,0,0.37183678456641944,0.07257479804471079,0.994287985761059,1
0,0,13.11808003874373,1,0,1,0.02583897222001119,0.8503177081575989,0.5556171546824029,1
1,0,14.730350810168012,0,0,0,0.2217794919335464,0.21285008603835742,0.17014274017715791,0
1,1,6.706178920033437,1,0,0,0.7804711383801549,0.6687532544498137,0.31610488794089564,0
1,0,12.585264909488243,0,1,0,0.20117523228887946,0.5428781323608052,0.42449283267653515,1
1,0,11.703389125166048,1,1,0,0.0800634025289656,0.8328935948872295,0.30932422435822293,1
0,0,9.029405320378025,1,0,0,0.4744531798445233,0.12508890983640353,0.2806355798765158,1
1,0,14.384660010567064,0,0,0,0.009969234734518495,0.12978296572261128,0.9722297092163575,1
1,0,3.806643217397639,1,0,0,0.08476615442633317,0.5568183602783076,0.15336482741574564,1
0,0,2.5296989443347,1,0,0,0.8076258695629751,0.9463786533583709,0.7333279087168623,1
1,0,12.95546753737591,1,1,0,0.7714733448596064,0.41499775837075425,0.00041028943917487126,1
1,0,7.1480974328724765,0,0,0,0.915138820404896,0.32694210025469495,0.5961826694023769,0
1,0,12.857563958898847,1,1,0,0.8545154359107495,0.6066893231978858,0.9159430039540524,1
1,1,13.503262872735808,0,1,0,0.6831755632398181,0.9304486005450311,0.287934094093219,0
1,1,1.8744063106670001,0,0,0,0.05233285730066284,0.8369278328446237,0.1855259752577192,1
1,1,13.368506681804849,0,0,1,0.7828486179866575,0.9954836107332199,0.651679794878427,0
1,1,7.276466775171911,1,0,1,0.8455108108405605,0.02256858320237709,0.7126014072983932,1
1,0,8.14605484605925,1,1,1,0.7990821457719545,0.11285814471276223,0.6880305189519813,1
0,0,9.772295155304944,1,1,0,0.5084790353080261,0.609467763366622,0.31931688002137404,1
0,0,13.969356494221215,1,0,1,0.23290183864948166,0.8205764393338497,0.2522024021593309,0
0,0,1.2676253220166964,0,1,1,0.8453299756887267,0.28524434230676654,0.9559187999620442,1
1,1,7.675808556449439,0,1,1,0.7271628097401385,0.23921108803421876,0.9232995082699295,1
1,0,10.62810859402785,0,0,0,0.9807611743888516,0.7869757993812009,0.4573166098928203,1
0,1,11.117897407775198,0,0,0,0.15569259775593292,0.05638185385323158,0.8461938661543734,1
1,0,10.695454041519511,0,1,1,0.22566458305205506,0.3693826475825851,0.45232347763429603,1
0,1,2.882091811713706,0,1,0,0.2117981498815027,0.5058092225923297,0.4243890180725104,1
1,0,5.191538237203537,0,1,0,0.7925397676213367,0.5603486743503234,0.15676294759929466,1
1,0,6.022017355838188,0,1,0,0.18690729645011817,0.7286151567927769,0.42640605649197283,1
1,0,12.26212090751307,0,1,0,0.0666598298233061,0.35484572343065823,0.537416938599807,1
1,0,4.902638213803742,0,0,0,0.9985608065856286,0.6126843446746072,0.022504327428686466,1
1,0,3.9498694941408443,1,1,0,0.024817211445149145,0.5853754227909563,0.4441130051754064,1
0,0,14.404272266533347,1,1,0,0.8352440601588657,0.5476161006537471,0.7813562183952003,0
0,1,1.1240859915885646,1,1,0,0.3653668415506528,0.6404832931422122,0.6800460563742698,1
1,0,14.969491979547694,0,0,0,0.8416154597578153,0.2594491710680763,0.635156988863935,0
1,0,10.475498184003538,0,0,0,0.554620491211145,0.08464875358462898,0.9095554284372025,1
1,0,12.598570192287639,1,0,0,0.9016312294863601,0.11927167203974343,0.01803200982523001,1
1,1,5.124671548846704,0,0,0,0.9261929864146267,0.22458238265390107,0.5570475861922342,1
1,0,1.2004138873388397,0,0,1,0.009098181280775997,0.5001979355227852,0.7873488484097071,1
1,0,11.330173259861422,0,1,0,0.07541217599278827,0.8404427505460201,0.5413353827012672,1
1,0,12.678024358009461,0,1,0,0.2503587295708555,0.7012933420883841,0.32389555258037916,0
1,0,11.366665847349267,0,0,0,0.6693154163635017,0.7890406042020471,0.13625056509197786,1
0,0,2.9999040222117404,0,1,1,0.888272196511506,0.3509756239260914,0.8875630718161913,1
1,0,11.547990911597568,1,0,0,0.45994195129396276,0.40465374164855017,0.470762392387603,1
0,0,11.764918949506974,0,0,0,0.6069731162742654,0.3936818859906128,0.8781151969857014,1
1,1,10.21956721938077,0,0,0,0.18849985279556114,0.19187318440450152,0.5858521224331683,0
1,0,11.725623059138208,1,1,0,0.8049668338816853,0.06121665814357202,0.6741921166150008,0
0,0,12.84290015548825,0,0,1,0.9673281113534697,0.5909160928272268,0.80426115437845,0
1,0,9.590457599324418,0,0,1,0.26859893291459747,0.9892166834205861,0.6591555446001344,0
1,1,2.240465995575507,1,0,0,0.4948259516005463,0.16682970495026284,0.3980548406789377,1
0,0,7.826789335340952,0,1,0,0.0861161105063738,0.046684819899273755,0.513633383928651,0
0,1,2.0870906854024707,0,0,0,0.5591366564629684,0.779531681823933,0.8030455246758799,1
1,0,6.705602434454032,0,1,0,0.5027834418466806,0.2525860066847242,0.3736502963729842,1
1,0,6.699490847758787,0,1,0,0.1444364841550776,0.8296438053529284,0.3881214567684971,1
1,0,1.9241378179633821,0,1,0,0.44206621311807504,0.7039366670345154,0.09569011605800115,1
1,1,5.883487475572711,1,1,0,0.33410465208656326,0.9456735370508046,0.9145844352217477,1
1,0,2.5539733830784077,0,0,0,0.5218308753051893,0.408927235756672,0.09103631494544173,1
1,1,12.31529294012911,0,0,1,0.5856543354287992,0.6619698394506341,0.6482091774485559,1
1,1,14.26763236350259,0,1,0,0.008495578607209509,0.4648547808132707,0.4131944788027977,0
1,0,2.0124306536111405,0,0,1,0.7610059829495553,0.6305886973085435,0.40561939025544236,1
1,0,14.37161290208382,1,1,1,0.7130142918617408,0.44959890600773733,0.6795518365726839,0
0,0,8.316072390714432,0,1,0,0.3662863862065222,0.18863224642407483,0.06709373262987872,0
0,0,5.193919491354235,0,1,1,0.05293593556881826,0.5078974160033809,0.5937057829514346,1
1,1,2.076069053866289,0,1,0,0.7549325397850504,0.5285842014374423,0.7720317859723548,1
1,1,8.00873975298585,0,1,0,0.9551751604781324,0.8106038482601611,0.8282127578865942,0
1,0,12.12321762287048,0,1,0,0.2401515960220142,0.7355207057935812,0.1705303893937753,1
0,0,10.899210681733773,1,0,1,0.3235246137370379,0.6637916239414441,0.8974190500781737,0
0,1,1.7031641604956327,0,1,0,0.18381288948181496,0.11338709555257254,0.6561460918474422,1
0,0,2.020625695150649,0,0,0,0.5769361233448397,0.720616290663715,0.8818548008206828,1
0,1,6.64022595685692,0,0,1,0.15484139464745494,0.5003051563545148,0.48528071711019827,1
1,0,5.134066916671205,1,1,0,0.35619394346137945,0.8940995361061592,0.542033345097202,1
0,0,4.25338052278467,0,0,0,0.697013013934263,0.9198709341305428,0.9190382770286711,1
1,0,4.93406298472199,1,0,1,0.5601159830093484,0.05515659060178546,0.8999095433546718,1
1,0,12.248758406156385,1,0,1,0.38646256432793524,0.8206415603544788,0.448160873369002,0
0,0,14.009192750845955,1,1,1,0.4202496018075419,0.03769739042267062,0.27441263163568175,1
1,0,6.67143772338593,0,1,1,0.5621108826232295,0.36716962569502265,0.39317043456426415,1
1,0,13.68555402985496,0,1,0,0.005864727887161303,0.5422999756210791,0.38776432852974974,0
0,1,5.500939817470347,1,0,1,0.07850986845360985,0.14810079862712744,0.28686687498279395,1
1,1,7.670117808813083,1,1,0,0.8812580677630116,0.7463138125690768,0.26857960433296657,0
1,0,4.164405969423996,1,1,0,0.07787898909129076,0.008354704172138572,0.8610629364797194,1
1,0,9.966664590461816,0,0,0,0.7068035962105051,0.16859904843403684,0.06986192068466168,1
0,0,14.705735612447324,0,0,0,0.9200381641090526,0.5807968298534757,0.6776111820995941,1
1,0,9.4489033446073,0,0,1,0.2706836043017311,0.7143875620372924,0.1728200514564523,1
1,0,6.009397177589684,1,1,1,0.37049143705951426,0.9166431026939161,0.34450589339406323,1
0,0,10.069444243867398,0,1,0,0.5689214058447163,0.7054966519346239,0.06154303413483686,0
1,0,2.720889498515426,0,1,0,0.8817089696385847,0.671779270254866,0.26997363685546205,1
1,0,13.441227123715581,1,0,0,0.9419055872604202,0.3943411463506643,0.7684210711172421,1
1,0,8.043175310917709,0,1,1,0.7395632481112681,0.0012844255268014138,0.8850153245472586,1
0,0,7.290896388554989,1,1,1,0.08661976085469403,0.12015925873562194,0.22152715190236705,0
1,1,9.202107038349268,0,1,0,0.6691541555348508,0.5345545447560391,0.46354783925892185,1
0,0,9.746974079051634,0,1,0,0.41030372187266206,0.6751298858444197,0.4703240479372064,1
0,0,2.0048612871711824,0,0,0,0.4707009994910616,0.4174482838964625,0.8735753057597342,0
0,0,10.556641097127633,1,0,0,0.04914839034517704,0.7306790115283902,0.7627990528758054,1
0,0,4.387043524417415,0,1,1,0.19106213934635818,0.5218622953321788,0.5130772183680499,1
0,1,10.995336855092257,0,1,0,0.7905136075336477,0.07417619559431221,0.6707472004717734,1
0,0,12.515487121378754,1,1,0,0.4539588330478598,0.19201625096794883,0.8473550539093668,1
1,1,12.255419105735283,0,0,0,0.30166224163114885,0.8399982232439429,0.009538954025544943,0
0,0,8.735013543710448,0,1,0,0.38401907396495816,0.7249127466244395,0.4028900310500486,1
0,0,8.282378492350517,0,0,1,0.8543995133256802,0.894761987012495,0.9072431672770787,1
1,1,3.000263458751764,0,0,0,0.7489990174049569,0.11755724912093657,0.7403130308439514,1
1,0,11.854846105643897,1,1,0,0.2723153971810828,0.9902225346150739,0.5428413743340746,1
1,0,4.799731326254001,0,1,0,0.11750184021237331,0.2094067139499336,0.5296445270351334,0
0,0,7.953735919451251,0,0,0,0.2519982216440717,0.01177987628664201,0.3477700976044378,0
0,0,4.979837300985234,0,0,0,0.9207564510547337,0.9974229390535542,0.5205205336415145,0
0,1,2.8735970819957037,1,0,1,0.5815888378497553,0.28107388544511314,0.6553831994634532,1
0,0,9.813807756484312,0,0,0,0.5334802087447829,0.6680194525125599,0.4183630384287931,0
0,0,1.7606484875206536,0,1,0,0.5963935996924615,0.1766823141763052,0.714153146392174,1
0,0,11.4810332777668,0,1,0,0.36602826574651526,0.5802285321991417,0.8612322272603858,0
0,0,5.446215133655633,0,0,0,0.8071070203195128,0.9040349864545593,0.15468484818486117,0
0,0,1.0018857020627945,0,1,0,0.5232862493002498,0.3201811674284386,0.4515470228174244,1
1,0,8.155807949321218,0,1,0,0.11674790276879554,0.6702539760443592,0.4080200912850811,1
0,0,1.6559267193864438,1,1,1,0.12906512482906296,0.1879035887984165,0.6874648040497281,1
0,1,4.866373809492592,0,0,1,0.5368591465026183,0.6247953987187252,0.24986746525792936,1
1,0,10.897670824380027,1,1,0,0.9365702180708392,0.33645035181751015,0.6402509149522763,1
1,0,1.8776547027061221,1,0,0,0.30835212167619874,0.21120825858795167,0.877489241731488,0
0,1,12.750738892984032,0,0,0,0.8695411688592183,0.31318205070363514,0.4181315997936227,1
1,0,1.0534789172201635,0,0,0,0.7640955865788793,0.17884106850779935,0.91101569997922,1
1,0,4.455534168826631,0,0,1,0.24781244290690685,0.9019161078378828,0.9931637389334784,1
0,0,11.372656786129,1,0,0,0.036340748316242455,0.39718688631712884,0.10609204994795207,0
1,0,5.427782096210295,0,0,0,0.10184726514238274,0.24527930497436734,0.23305318798485863,1
1,0,2.4264934329241896,0,0,1,0.7284939338474402,0.4484078410159329,0.9503797514820932,1
0,1,6.0432748632059905,0,1,1,0.1996697380406467,0.32053616680649555,0.9583276864813868,1
0,0,4.785506009383358,1,1,0,0.3712709205053938,0.744419253813326,0.0977072753867585,1
1,0,12.79796663024777,1,0,0,0.5016991660064248,0.9712199118854944,0.014998500377136681,1
1,1,5.386870846192004,0,1,0,0.7254681684501628,0.4380336566976468,0.16110002325642225,1
0,0,12.0450546048641,1,1,0,0.11323122325912538,0.8610333999722404,0.9960127833822483,1
0,0,13.486210027350285,0,1,1,0.4063664052774615,0.5658630735596195,0.17999961661068686,0
0,0,7.073443874071414,0,0,1,0.4850729091426954,0.15723566509423348,0.5025476067220231,1
1,1,13.739204013961489,1,1,1,0.5408270639715397,0.6906227420813416,0.848417726430511,1
1,0,6.2824527554847,0,1,0,0.8183606413952167,0.5134344971258201,0.02040161068820634,1
0,0,14.497097830861515,0,1,1,0.1716781950432169,0.6506065232521034,0.6044889822584595,0
1,0,2.250053343358021,0,0,0,0.8078314518266223,0.889687412571665,0.2770254488696243,1
1,0,10.618269731045398,1,1,0,0.6928784276966522,0.4404345706560461,0.8623349164397316,1
0,0,7.913396566397001,1,1,0,0.5558708141989593,0.9011776232173556,0.28346114926407917,0
0,0,6.427083276379059,1,1,0,0.6995278704025719,0.7506690142816549,0.6867557202819089,1
1,1,9.857966302480413,1,0,1,0.4120177389516564,0.48860492587798476,0.6742196324473969,1
1,0,10.853999282880636,0,0,0,0.13839758596812457,0.6032221356579637,0.22149354885964,1
1,0,1.0610857751043272,0,1,0,0.6657652402653673,0.32558113251901144,0.03479919986835012,1
1,1,3.337343242460782,0,1,0,0.5246723066856223,0.9835972997387742,0.4092495737853973,1
0,1,10.982644708880462,0,0,0,0.6393748005427755,0.667351163050396,0.2891931519658697,0
1,0,10.32939579009489,0,1,0,0.33799878102849,0.043846852496629896,0.8089777496137086,1
1,0,14.524665071801481,1,0,0,0.9068665773398359,0.32662190574800876,0.8003641884553453,1
0,0,11.654529063510962,0,1,1,0.5873698685755769,0.6233144337590575,0.4570239521926255,0
0,1,14.310817908238732,0,1,0,0.08540248429087383,0.0563332777992398,0.6065122253232189,0
0,1,10.835567021487297,0,1,0,0.44980399070442867,0.023884191319142767,0.6042595159869252,0
0,0,5.172730920952204,0,1,0,0.7563560547436343,0.45002423952780257,0.8271581484276234,1
0,1,2.475108911511991,1,0,1,0.7941345617322724,0.33269017969267,0.4250024141231975,1
0,0,11.945534086829099,0,1,0,0.49459705276375876,0.4382986080331659,0.2754466797905091,0
0,0,10.018089100662824,0,0,0,0.8947475708313011,0.26269330988000517,0.26503491814054747,0
0,0,1.6746041735061472,1,1,0,0.26766843719429756,0.1647177469429809,0.5361922792822041,1
1,1,6.0407065226136964,0,1,0,0.4105986972382666,0.6891433569803377,0.44914820273221256,1
1,0,14.395197416780006,0,1,0,0.8985969105689701,0.5145711162678005,0.4401207709849362,0
1,1,8.005616039942817,0,0,1,0.8962567164715789,0.20015421124936683,0.09113733908970723,1
1,1,7.058207904275865,0,1,0,0.6857127688246809,0.3195894262599983,0.7186037406901956,0
1,1,7.4077944722301154,1,0,0,0.8589805471222202,0.5918079076633259,0.2137366879819107,1
0,0,3.924358136072292,1,0,1,0.08877326695623267,0.07222934827247784,0.19695363020872136,0
1,0,6.161900392107133,0,1,0,0.8649949762077763,0.14745300926617955,0.41275832027739345,1
1,0,6.177385583820473,1,0,0,0.32061990655022676,0.07324560410739012,0.22777834161780142,1
1,0,1.7329702826246136,0,1,0,0.17833151242821632,0.8123173327141189,0.5838582673080154,1
1,0,11.745946799250856,0,0,0,0.23936983634204634,0.7524092332120093,0.3714633393344715,1
0,1,6.8310620466543055,0,0,0,0.4179685080138871,0.7533129318792571,0.4489117225927901,1
0,0,12.510518415429926,0,1,0,0.2511920046044672,0.716325343476028,0.5371693216040289,1
0,0,12.904872015678535,0,1,1,0.32056758601649904,0.6693854236698692,0.20353552248180484,0
1,0,3.967916765781213,1,0,1,0.1349784860716421,0.476991915378175,0.1557516228655298,1
1,0,10.2029487503818,1,1,0,0.2961767655589985,0.642278163507115,0.8804219028736048,0
0,0,7.611945258281744,0,1,0,0.5722838145420012,0.03836155478797465,0.43372370283142103,1
1,0,13.32219433090079,0,1,0,0.44185370809106395,0.6214644226567846,0.41209360963253916,0
1,1,4.020369508470358,0,0,1,0.34671876123591117,0.7778777055368772,0.03561215027284148,1
0,0,10.489384804340618,0,1,0,0.746452128857114,0.5003583603843902,0.4979763025873932,0
0,1,9.508529711538117,0,1,0,0.8935099713933179,0.35751332842723693,0.5541697216110001,1
0,1,5.1342206860056585,0,1,1,0.756789222902397,0.2774267348009791,0.5588408709546665,1
0,0,2.9124126511164166,1,0,1,0.3320007021176792,0.6428020501620825,0.7070311693228843,0
0,1,10.122956646681871,0,1,1,0.7444421678375537,0.6928011986299087,0.17748183499101178,0
0,0,11.34036441385263,0,1,0,0.1519801824740512,0.8709675998625426,0.2522231342306188,1
0,1,5.4187828126869,0,1,1,0.13031798809129091,0.34233408246099073,0.8107304652304127,0
0,0,10.027656456312393,0,0,1,0.34562703703615894,0.7697723073855856,0.947170616843394,1
1,1,6.531832706561046,0,1,0,0.807702369044057,0.5613558241893379,0.13593274736732064,0
0,1,10.984896365956647,1,1,0,0.24634824724230187,0.8828364906780791,0.4976495545052182,1
1,1,3.7890138485167437,0,0,0,0.06325340889867959,0.5278121082956208,0.21417625273958685,1
1,1,13.463010036906441,1,0,1,0.1317095352063551,0.5176298283979672,0.06007316835498244,1
1,0,5.023734350518116,0,1,0,0.8587449685295802,0.5778770814409091,0.3255033381261354,1
0,0,6.149003828586141,0,0,0,0.6337832847472876,0.7493153551424344,0.14368762518421274,1
0,0,1.813287329124897,0,1,0,0.25320116336997667,0.9646904788284609,0.7099330734342463,0
1,0,2.5611709724978695,1,1,1,0.5552958253281813,0.07356335421576565,0.5337254136714444,1
1,0,8.222066637972594,0,1,0,0.5275796224253504,0.05343460239101716,0.14383447099031088,1
1,0,4.746297474191601,1,0,0,0.6554359784406613,0.9375503374073385,0.009241588405514367,0
0,1,12.696723160390722,0,0,0,0.23318755442161632,0.5298756255182061,0.8081570490242127,1
0,0,1.2057074411693538,1,1,1,0.8644029871943977,0.6149030145669361,0.17619440616424753,0
1,1,6.307316681407107,0,0,0,0.30936856208001284,0.48242360159472886,0.606216642220766,1
1,0,5.722837654767297,1,1,0,0.6941316539762369,0.09365745260747449,0.33692191307674557,1
1,1,1.2705868328464145,0,0,1,0.01612464637221489,0.7680893784186665,0.5854859383150356,0
1,1,2.741157586007143,1,0,0,0.37265712989414723,0.7472246450885869,0.315653626982324,0
0,0,6.790997448860894,0,0,1,0.3517098179588083,0.311703321492812,0.08693956069225417,0
1,0,7.900104182264252,0,1,0,0.5434844285830145,0.3062392452284004,0.2229500085577536,1
0,1,6.660056461568168,0,1,0,0.0727362617771965,0.8378413809055185,0.1880585664790756,1
0,0,8.433127497769313,1,0,0,0.7901313737261083,0.07235725774132662,0.42801935243964384,1
1,0,9.33184344867954,0,0,0,0.21778080176756853,0.8811051483565658,0.6582837834261573,0
1,0,1.1389334957896988,1,0,0,0.6770378148820102,0.2566616898959144,0.26380607494635755,1
0,0,7.497332232349054,0,1,0,0.8032121232440932,0.5929847477554939,0.012069935300617951,1
0,0,14.488989372426236,0,0,1,0.5618769562415131,0.9359941790017777,0.5189373642647569,1
1,0,8.266451921813683,0,1,0,0.7408832067219855,0.6781225015366464,0.6057594893589721,0
0,0,10.485591744425344,1,1,0,0.6618603122150055,0.4144298124670366,0.9628704940018097,0
1,0,5.366094010836365,1,1,0,0.3555297971520076,0.6895342089054152,0.5894708030932468,0
0,1,11.835879294138675,1,0,1,0.8088585390335653,0.3439796363163702,0.47117255937814184,1
1,0,11.820900746265611,0,1,0,0.294701369885528,0.27725841634918613,0.5734016258977038,1
1,1,8.298144667157946,1,0,0,0.5712129177515172,0.9966832779346797,0.927900629862027,1
0,0,14.66419352590899,1,0,0,0.7453977391415395,0.7507902311797877,0.8283781456016462,0
0,0,2.757703006677147,0,1,0,0.3789559098125076,0.6447199773818176,0.322978733363808,1
0,0,1.237267308454134,1,1,0,0.30276760761742505,0.3552896432193188,0.23725436365713726,1
0,0,11.782214964599344,1,0,1,0.4593460101728227,0.04916082915504816,0.26263361236607363,0
1,0,12.300177523108356,1,0,0,0.8179634943491536,0.03105687603515561,0.504421039715213,1
0,0,2.6829012076880674,1,1,1,0.9299217631456648,0.5541812554487988,0.7440494512285778,0
1,0,4.718159661420485,0,0,0,0.5450834128598901,0.7620327210390511,0.5032192071829621,1
0,0,1.2457330871328047,0,1,0,0.6614662053236519,0.5373791904438551,0.06779639582811259,1
1,0,5.106320550927906,1,1,1,0.9032736222389142,0.8407850719391146,0.7235807004399809,1
1,0,11.823986234861401,0,0,0,0.0985468514129424,0.03342653309322163,0.8059701286709539,0
1,0,8.251447387976105,1,0,1,0.23207857786616504,0.3667520764259401,0.28949786511971964,1
1,1,5.873338304356033,1,0,0,0.7089000062515824,0.23707039117417805,0.6641257392833504,1
1,0,6.204350128688624,1,1,1,0.8237444619122997,0.44727296815712203,0.4265919010543934,1
0,0,1.0189507600165542,1,1,0,0.8570290283305779,0.07237639319412248,0.8891193557274428,1
1,1,5.197207385913303,0,0,0,0.4151071768549326,0.9541316415710726,0.8452255581607399,0
1,0,10.050422382931027,0,1,0,0.08933990229186684,0.22325540106936093,0.5254319983096423,1
1,0,14.638722213429,0,1,0,0.4377814772996199,0.9223077754835848,0.6915055458135945,1
0,1,12.858851577774594,0,0,0,0.23073459020705378,0.4258931550366818,0.883349701022104,1
1,0,1.3303295050374078,0,1,0,0.29119645499662417,0.985524133255218,0.4957170100782755,1
1,0,13.57984846544775,0,0,0,0.7722675568375058,0.5540583834602107,0.31325074048882195,0
0,0,11.964777786180763,1,0,0,0.07552708602588687,0.9308328641758075,0.7536661379095813,1
0,0,11.925265729993725,1,0,1,0.8275812174807021,0.005348988694222845,0.22006625478469177,1
1,0,7.411940626050001,0,0,0,0.42766908582416907,0.7482388061809001,0.38853114800604205,1
1,0,6.5720741013630395,0,0,0,0.5960639311005951,0.9030506531025154,0.8657272371067937,1
1,0,5.240820203664697,1,0,0,0.089652231235679,0.13972056697895407,0.7244223402693151,0
0,0,1.9197280253611209,0,1,0,0.33735907835727963,0.09612585173215149,0.40381100524749924,1
1,1,4.195295088911788,0,1,0,0.08970091901484578,0.4245726071859556,0.2147445024083574,1
0,1,4.4524508896923445,0,1,0,0.9615437228811096,0.9336789061329351,0.3559683908322365,0
0,0,7.777078975942822,0,0,1,0.8072616493262504,0.5423865601904387,0.284104149227433,0
0,0,11.464221692353716,0,0,1,0.4596327543564602,0.5274564637217322,0.17608928794385392,0
1,0,7.633337597571252,1,0,0,0.2236025483236711,0.14112611829932187,0.7433329135656567,1
1,0,1.8098222922602485,0,1,0,0.9334551052498522,0.0007895110932187865,0.2520698868501715,1
1,0,14.409057213834854,0,1,0,0.34459659572697177,0.8101400907454612,0.4541674701677638,1
0,0,14.198140467317572,0,0,0,0.16098443168737475,0.08757456298623822,0.38585944683610907,1
1,1,11.992653604077717,0,0,0,0.5631643884539549,0.633849818735324,0.9820773786356308,1
0,0,14.878590621899088,1,1,0,0.9437741203448161,0.9146164545151915,0.3910922441482205,1
1,0,8.62275265920368,1,0,0,0.003830290500322575,0.208651913158431,0.0799824827967548,1
1,0,14.478756903544884,1,0,0,0.23812484325399874,0.6652728362369108,0.08982575257208403,1
0,0,2.058470568634511,0,1,0,0.9384476404104076,0.07869857670750946,0.5907537213530648,1
1,1,6.119530475659198,1,1,1,0.17108596685716204,0.603755143837613,0.5993635517382656,1
0,1,4.155337752094722,1,0,0,0.11324345163981986,0.16393172095320274,0.41875899048265497,0
1,1,3.74166317787978,1,0,1,0.5701872157998045,0.735953560515178,0.4318436923120297,1
1,0,2.971241284497465,0,1,1,0.8618438232948299,0.3012312947939082,0.05393258284087121,0
0,0,9.713790981923953,0,0,0,0.47710981769392613,0.46339100880464623,0.5165465103892622,0
1,0,11.93850598046227,0,0,0,0.9945642566845248,0.5994305420276217,0.5047394753803517,0
0,0,9.096177591885048,1,0,0,0.6791716995379928,0.17127341066623958,0.14954931855694453,1
1,0,3.057477934234935,0,0,1,0.07407490721044774,0.7416378186176209,0.10383938611092758,1
1,1,12.355732779068592,0,0,1,0.9928321316819754,0.30264034063681455,0.12357249059949049,1
1,0,9.903365900292199,1,1,0,0.40789423678019043,0.6623718599127535,0.10102824649125852,1
0,0,6.434319885777938,1,0,0,0.28740253384548253,0.15828305069937365,0.6097081955367598,0
1,0,10.437824137504881,1,0,1,0.5578791835778856,0.6881176592063503,0.19648265240291862,1
1,0,4.63866970939966,0,1,0,0.3043075918208643,0.12818807281046174,0.25143015218746345,1
0,0,5.8326909189189475,1,1,1,0.08645750712015232,0.4253564962699836,0.17357214415143973,1
0,1,13.844801803847863,0,1,1,0.0014283430791767193,0.24720607373887682,0.9578353044485031,1
1,1,5.067063079399885,0,1,0,0.4495833529202623,0.7483752494281826,0.8546174631518354,1
1,1,7.579835754211112,0,0,0,0.8368634222265923,0.26203500450687456,0.23049483735152088,1
1,0,13.461975923544205,0,1,0,0.5723151856300766,0.8817173063953962,0.327566293922126,1
1,0,10.908098903745385,0,0,0,0.9992072989434408,0.8918202114066128,0.20989284230499716,1
1,0,1.8708451663058385,1,1,0,0.28684664564719997,0.19644131522278585,0.49187595946082374,1
0,0,3.062242619905585,0,0,1,0.28045506476005533,0.6138459450077243,0.019610532474253595,1
0,1,1.1097822708068354,1,1,1,0.1597494602339442,0.08771764171996432,0.6713680088967957,1
0,0,9.832905063208287,0,1,1,0.16406358826533518,0.3915370996016292,0.5231581498176416,1
1,0,7.267427955745856,0,0,0,0.2851865960100478,0.7133217295012723,0.8986389283011033,1
0,0,2.8798479126318575,0,1,1,0.7928400452735271,0.6594232468499163,0.16439268432841414,1
1,0,14.411077694794786,0,1,1,0.9057567906364479,0.624700669406608,0.8041092460611317,1
1,1,8.415236135238679,0,1,0,0.9750871697076813,0.2825408636624436,0.7919610144667157,0
1,0,4.386506117580448,0,0,0,0.23228965409645264,0.378024949434402,0.12718118921688693,1
0,0,8.008449996165906,0,1,0,0.8812975456140917,0.10294614470028618,0.3985592241441276,1
1,0,10.51468465829151,0,0,1,0.32825508927733704,0.719022820433601,0.1701526411445169,1
0,0,2.0673490516299027,0,0,0,0.11284054451688441,0.5038887967912735,0.2547205004575489,1
1,1,4.845853410670488,1,0,1,0.8700249255201656,0.7087656323456546,0.26324617483054435,1
0,1,12.29751687237591,0,0,0,0.6361056346436186,0.24894352479687276,0.5562363940257727,1
0,1,7.435308185637258,1,1,1,0.16473089608106173,0.3244382286350662,0.4114109317604655,1
1,1,8.65207998845213,1,0,0,0.42983125751300255,0.33421533726011465,0.9477328040063053,1
0,0,7.059424030932569,1,1,0,0.28725769487706765,0.0257424097472162,0.12637014194700513,1
0,0,1.6145991970020717,1,0,0,0.736794568710197,0.34104787283062354,0.9736921348501988,1
1,0,3.320496917482183,0,0,0,0.45341623062426806,0.8033045735180335,0.23063864021426395,1
1,0,7.237582942386473,1,0,1,0.989279945106385,0.8972984957497385,0.7728739363818531,1
1,1,3.9285965157109892,1,0,0,0.05474498225959512,0.5182183156359275,0.3389699261728214,1
1,0,1.6997064012355023,0,0,0,0.3550152661362467,0.45550169521922024,0.1430813954173139,1
1,1,12.811095296725533,0,0,0,0.4819001671099774,0.030824618699370254,0.8578891852462399,0
0,0,14.73669540829762,0,1,0,0.5031335547483198,0.8792043375853826,0.3088608992364632,1
0,0,12.104000235954352,1,0,0,0.3159358223856368,0.013010213425872719,0.6588554042268422,1
0,0,12.952988903865338,1,0,0,0.729240249097568,0.9447500802102118,0.5664436850866266,1
1,1,4.387679824438635,0,0,1,0.8747470734889747,0.48921624868809066,0.4717563093908743,1
1,0,14.448777657184797,0,1,0,0.938719301977863,0.3419344935747266,0.4958194726485391,1
1,0,3.7569598623479976,0,1,1,0.8050933767995262,0.9242184348426601,0.7322379140922876,1
1,0,14.320017345065652,0,0,1,0.8505801973065994,0.024390993110096737,0.08777291412344057,1
1,0,14.927470115523315,1,0,0,0.5505453006199955,0.5814248948690871,0.6681806619579052,0
0,0,10.964119280444683,0,0,0,0.8258882264268146,0.5489325244993376,0.8958121013985787,0
1,1,14.736012245085506,0,1,0,0.3035039091479522,0.21932040121138208,0.05778819701986415,1
1,0,8.97355691393945,0,0,1,0.3984787621092144,0.42888743135021057,0.14065333923366674,1
1,0,4.633584964465265,1,0,1,0.3169130138185443,0.6522640059437702,0.7166319367020314,1
0,0,7.117942399318692,0,0,0,0.46738733544792543,0.7271311968819275,0.43728164824461757,1
1,0,9.309853095303003,1,0,1,0.28557961623863637,0.0007168587065797816,0.40354862081368836,1
1,1,2.02314186837821,0,0,0,0.9616114422544468,0.9368534300910153,0.13696663454423585,0
1,0,9.712805704641445,0,1,1,0.31284462800566815,0.1645253723928124,0.5067700407177881,0
1,0,14.736489714672123,0,0,1,0.09804453811093983,0.2335804342223592,0.12654531119637724,1
1,0,3.661507096972187,0,1,0,0.5268171660504134,0.26347344569384823,0.4766204563105404,1
1,1,12.096331628037365,0,0,0,0.057099078445176366,0.03782013655203531,0.7636152989616567,1
0,1,13.710583112914671,1,0,0,0.11054316630858052,0.12305212359032491,0.2582643578871635,0
1,0,14.211822299483092,1,1,0,0.2193893891962463,0.986349922944162,0.4807861681797273,1
1,0,14.44189846167626,1,0,1,0.4643502498821417,0.31521673737728606,0.9920159693968357,1
1,0,8.300434942100608,0,1,0,0.4332509323090279,0.11530109033904934,0.6866504233540373,1
1,1,14.682310711881051,1,1,0,0.7996918620027912,0.10699126117462332,0.8413567713051986,1
1,0,11.602342899882144,0,0,0,0.7394746538841134,0.7194599676699719,0.41484760656054576,1
1,0,3.2634001073174668,0,1,1,0.4263182939907013,0.8545686640326409,0.7678609231258553,0
1,0,7.67660149055158,0,0,0,0.3337042075756299,0.2569522995084699,0.040509172941321836,1
0,0,11.056636455208055,0,1,0,0.3164687840614986,0.02090951233523497,0.12291118254224498,1
1,0,4.462764421467167,1,0,0,0.773995087294009,0.2230900184453558,0.20307059292006213,1
1,1,9.968612569684423,0,1,1,0.05207240622126974,0.056515690796757334,0.40195192461521956,1
0,0,10.33240670665267,0,0,1,0.012821649510605826,0.10339493663004151,0.8457448783257632,0
1,0,3.2777964133199227,1,1,0,0.795544391926648,0.43150811984764237,0.3462660507879305,0
1,0,8.911194374338589,0,1,0,0.4771463759890493,0.22991837086163258,0.6546211935154629,1
1,1,11.802776753700508,0,1,0,0.13088113855357597,0.5159458785254234,0.7093142948034834,0
1,0,7.984539303503187,0,1,0,0.23556593459450126,0.25349375325719037,0.5861823540883414,1
0,1,1.169443634865504,1,1,0,0.9325039530973825,0.9405373011029476,0.3572419681701362,1
0,0,1.1265385671100905,1,1,1,0.859502975624898,0.9059439679262645,0.5770533417135443,1
0,0,5.99841081558017,0,0,0,0.7097850502239725,0.566806105010466,0.3422655927897462,1
1,0,13.966716958044948,0,0,1,0.48222523033732656,0.35442399198738617,0.08387373855201208,1
0,0,4.201474914450523,0,0,0,0.5203236261913857,0.38114688203473557,0.9928039781860144,1
0,0,9.88109164420362,1,0,1,0.9752445352839586,0.41185228314449696,0.1271824536325109,1
0,1,4.1090621897064885,0,0,1,0.9657704438842871,0.727579322134944,0.07234838383605735,1
1,0,5.503379855233681,0,1,0,0.21526904578583428,0.4516389955188379,0.8785307492071559,1
1,0,12.872589254420776,0,0,0,0.8111045663053181,0.8567299465058974,0.3018346608928951,1
0,0,11.204060191779256,0,1,0,0.1972426661670168,0.9440947859303646,0.6502969740735076,1
0,1,2.335589882384949,0,0,0,0.2135374778839514,0.33594615337893385,0.32900572966223285,1
1,1,7.001828293810071,1,0,0,0.6760930341645768,0.5606944813756801,0.39145427079447115,0
1,0,1.4083766910337026,0,1,0,0.4050010985875484,0.09505653683256443,0.2621129720167965,1
0,1,7.732462052442126,0,1,1,0.9315444071065202,0.200469047766359,0.3430440057930102,0
1,0,10.274076163814954,1,1,0,0.08900973489600883,0.4134657667101601,0.4107004005865431,0
0,0,2.6590367303741216,1,1,1,0.511525640809493,0.20620271590177885,0.7204160690923429,0
0,1,5.044389144728319,0,0,0,0.9185215304431212,0.8765604907887176,0.5115361942347918,1
1,1,6.569712757030197,0,1,1,0.9041136604795051,0.15828625605909807,0.9435652171569769,1
1,0,13.873434345184696,0,0,0,0.15652921341574122,0.45566082155309195,0.04188039383877551,1
1,0,14.905570215921497,1,0,1,0.36663770009645646,0.6056992404598757,0.5030683226320282,1
0,0,1.628758185938622,0,0,0,0.6191214000466962,0.6918639081608444,0.5842247888317181,0
1,1,11.654110928935488,1,0,0,0.15939488477140218,0.38306936972650674,0.9201969860742739,1
1,0,6.2041369296328055,1,0,0,0.9680221720457387,0.8690990687247285,0.049158523621427586,0
0,0,6.49441460721272,0,1,0,0.9147493287276603,0.5683191510779255,0.573499584935216,1
1,0,11.559709626858318,0,1,0,0.16695017903446918,0.4395077804475518,0.853629928527957,1
0,0,13.857970050035721,0,0,0,0.12115546126098542,0.06724063405203662,0.24192772811923657,0
1,0,14.313000323035677,0,0,0,0.0854084828082653,0.464689468445165,0.8762923485239374,0
0,1,9.07971620453649,0,0,1,0.9094436640366311,0.8207358408157303,0.019043409274291823,1
1,0,5.999696230207039,1,0,0,0.1936238097954608,0.6145410182213155,0.7324546291337297,1
0,0,12.02568720202291,1,1,0,0.4162849285443547,0.8321624537291183,0.933113221168653,1
1,0,4.514019365672204,0,0,1,0.448851365652003,0.4940116705993056,0.6571976616400622,0
1,1,8.897036403669249,1,1,0,0.5990110442135675,0.11846170509448184,0.43902924398044796,1
1,0,6.0200984613482245,0,0,0,0.07173534374742496,0.01363984583588107,0.04488101647271803,1
0,0,10.192835031910265,0,1,0,0.22675861740051595,0.3032195467185912,0.9201138133226288,1
1,1,4.365584780509097,0,0,1,0.931490386918926,0.6979904714977925,0.4702962226915748,1
0,1,3.682301240287561,1,1,1,0.9084101072685695,0.7902599039416938,0.02899674433594801,1
1,1,13.855347213456119,1,0,1,0.7812906474056922,0.2957528346203294,0.6898210713287619,1
0,1,2.425251561293517,1,1,0,0.019401245618215435,0.4956539208832471,0.4818372535762582,1
0,0,8.083410708289044,0,0,1,0.3270067684961021,0.4211189044340816,0.12434531744241073,1
0,1,4.091938961482125,0,0,0,0.6279587353429078,0.41052278435142786,0.21427180931025958,1
1,0,1.5450194865593443,0,1,0,0.2751902117734757,0.2313487132001505,0.06449068045584627,0
1,1,1.5042634560799695,0,1,0,0.9095866950537773,0.13637110502945837,0.5742935397085736,1
0,1,3.453104809481583,1,1,0,0.6338894618324419,0.19668855823121312,0.6220294792520092,1
1,1,13.134784963084003,1,1,0,0.0719067173164456,0.0553323871633461,0.5057422983554444,0
1,0,4.954702415678373,1,1,0,0.909005588835703,0.19813074182357704,0.8171021330026149,1
1,0,14.30642838805414,0,0,0,0.9577666581762225,0.009200897625379456,0.8610088213080136,1
1,0,9.14271210184871,0,0,0,0.07771241839172549,0.6272584006359783,0.6156243966831266,1
1,1,7.112598656762725,0,0,1,0.5323602348613149,0.3163754073876829,0.012756479707430546,1
1,1,9.121243685372365,0,1,0,0.30336428221417044,0.9731447114269086,0.6952296557477357,1
0,0,8.233777393167749,0,0,1,0.39283907648140237,0.19371705077629786,0.4179992169203516,1
0,0,11.622867552602552,1,0,0,0.1796512179553419,0.3458285703095939,0.565557483226387,0
1,0,4.954944923619932,1,1,1,0.5780721020124125,0.3578411586415332,0.6490806020188844,1
1,1,5.942705482404233,0,1,0,0.9579793532488906,0.00845149606246054,0.35023661432707676,1
0,1,13.51732023546551,0,0,0,0.503072600271609,0.8392079530394589,0.9170985051717943,1
0,0,14.250391184105677,0,0,0,0.08291458139448116,0.03199446014432472,0.1339748667497812,1
1,0,13.495815184810644,0,0,0,0.6200013334774084,0.9401798347292414,0.6715118072810374,0
1,1,6.87227191540239,1,0,1,0.34022299445125703,0.8920743510936207,0.004359579956580428,0
0,1,11.925117042096343,0,0,0,0.8559251895912978,0.5355219160859636,0.9246511054051808,1
0,0,7.668700266215383,0,1,0,0.4346781483164702,0.5435955749112921,0.1125041332380915,0
1,0,7.9655579300454304,0,1,1,0.1928396089422456,0.6537779229561563,0.09488423014757463,1
1,0,3.8655215268019756,1,1,0,0.19110562269114495,0.387050011934887,0.33300763305224423,1
0,0,9.27582424561923,0,0,0,0.7687641807211604,0.6472222833978555,0.3735662860390806,1
0,0,3.6059025685468713,0,1,0,0.2655875983073599,0.04476838868848687,0.21430007232287862,1
0,0,5.641905786940713,0,0,0,0.767233394159223,0.05404762734972657,0.5851216609271247,1
1,1,12.970422822679092,1,0,0,0.20588731076659939,0.45723041961954436,0.4429140980419636,1
0,0,3.899061328951973,1,1,0,0.3216863687013094,0.5496223011060349,0.03417558904108742,1
0,1,1.9962159924280594,0,0,1,0.4654869724396994,0.887817640335819,0.31965206225530063,1
1,0,1.9661062965794283,1,0,0,0.9431958496934507,0.10466063390789626,0.8104329135731705,1
0,0,14.17098328704351,1,1,0,0.9317314247538246,0.8226479271938894,0.6897015348618686,1
1,0,8.096886131465684,1,0,0,0.2068718754222878,0.2100473372920696,0.7248708535798805,1
0,0,6.731769005438257,1,1,1,0.3582190412430728,0.39408364851003186,0.6981169240835235,1
0,1,12.352300134110859,1,0,1,0.14939938845377232,0.3166024348274129,0.3109730213830333,1
0,1,12.701562990747224,0,1,0,0.5099850793134971,0.400155272865399,0.09966392207677588,1
1,0,5.650674463618465,1,0,1,0.4605825506946666,0.15049549807258555,0.272467184033096,1
1,0,10.710652804633133,0,0,0,0.9007601624507324,0.503570074403555,0.8317853001851593,1
1,1,11.795719421926412,1,1,0,0.9300053777910726,0.8016425898313673,0.9804707977830711,1
0,0,10.165109616123363,0,0,0,0.3835673910072921,0.44153401037889695,0.49384701474156134,1
1,0,3.122331047201391,1,0,0,0.49173794301898943,0.4906135758981991,0.00970035492304222,1
0,1,13.262363169238798,1,0,0,0.8962362491461331,0.8487675852813142,0.14004481213422904,1
0,0,8.547323738304122,0,0,1,0.8067078077450615,0.7060581146380308,0.32208057531626577,1
1,0,4.954613969180052,1,0,0,0.0036563113446492768,0.4904544085197847,0.5785853485929497,1
0,0,6.953194596127715,0,0,1,0.3200595641835825,0.25769564818917967,0.07509364580531397,1
0,1,1.5259952655847033,1,1,0,0.4217742419361259,0.8849267468449666,0.9433572987098816,0
0,0,2.790135217113846,0,0,0,0.22971628368323171,0.5770204016905583,0.3650836732844007,0
0,0,11.717654507222052,0,0,0,0.19957161589593875,0.2211476101106934,0.912584217924823,1
0,1,1.000162886575126,1,0,0,0.03778450659567967,0.26911975263801036,0.7805218027570218,1
1,0,6.831921598752091,0,0,0,0.6433697250697605,0.8031330889362459,0.7554372725155811,1
1,1,8.315142535198238,1,1,0,0.26251029048316565,0.04414556208745546,0.606719579782232,1
1,0,1.7648818800136121,0,0,0,0.05234717843131309,0.9920921870288201,0.6267838170518446,1
1,1,14.62309428161266,0,1,0,0.23097931052806364,0.13035167971479178,0.6380032352162481,1
0,0,4.165754637495407,0,0,1,0.8019139528361265,0.7960685253969374,0.6287213870255821,0
0,0,5.258782074907932,0,1,0,0.8514891816465466,0.39477531677168287,0.5537282313983612,0
0,0,5.255195171570382,0,1,0,0.48306624519330266,0.49221618328746686,0.9864140184828889,0
1,0,4.225833269642899,0,1,0,0.41607067040868617,0.8806505774645779,0.7322905674256961,1
0,1,1.0206335092083598,0,1,1,0.9778536935017818,0.41291118958921325,0.7769463883925212,1
1,1,11.210827117231949,0,1,1,0.2005646595880699,0.5374937536732345,0.8724628150836742,0
1,0,14.535836997189994,1,0,0,0.21535928285460848,0.04929966240916994,0.21563976272584917,1
1,0,4.140108765990631,1,0,0,0.29186717703639975,0.0023474738674531537,0.08380415909506078,0
1,1,10.282660685247913,0,1,0,0.1727573182810873,0.2447998730017259,0.48289443659859865,1
0,1,11.386548577422012,1,0,1,0.3793655982041866,0.6805830929187673,0.5140806956192732,0
1,0,12.877955307267346,0,0,0,0.9108342269897538,0.1212648933591367,0.8291817799499177,1
1,0,6.916808758190528,1,1,0,0.6153478406285743,0.11376195880454942,0.4437835792823357,1
0,0,5.241032678966009,1,0,0,0.41194654861226365,0.4109606080359033,0.5708530255443127,1
1,0,5.554131876322436,1,1,0,0.9344107945712148,0.6478370386082265,0.5270709385134583,0
1,0,10.97669866337918,0,1,1,0.04846423247582232,0.7120719922479305,0.03820278375739106,1
1,0,12.434912531078904,1,1,0,0.21027617790186137,0.17845067409837478,0.615214896596914,1
1,0,3.542595548592437,0,1,0,0.565888605101759,0.07958814737204245,0.8280432857742522,1
1,1,6.193174114208713,1,0,0,0.6155526231931792,0.9403970339455442,0.15750054807580383,1
0,0,13.6271627544881,0,0,1,0.03955750656261314,0.26066638256210173,0.5943317339265958,0
0,0,12.29370927572635,1,0,1,0.4030387579071322,0.8533464976087238,0.5936105444464144,1
1,0,14.788017638674662,1,0,0,0.6491539648308727,0.8634914504628183,0.16418496405635874,1
1,0,11.55947563554913,1,1,0,0.6980705464034016,0.7725225917625445,0.12346357373073602,1
0,0,6.504732814390912,0,1,1,0.6381399025162693,0.16883360665257008,0.9800519429764848,1
0,0,9.268929675924928,1,0,0,0.32056322436092455,0.8218014592542003,0.39371916965303755,1
1,0,10.254199559462485,0,0,0,0.09352012359790951,0.7692505592415867,0.22742172872352928,0
1,0,2.098381428439735,1,1,0,0.4271124464193341,0.5967229901062171,0.17132454445437495,1
1,0,8.62295742745411,0,0,1,0.12875443736805547,0.33720203516895275,0.6676017135832351,1
0,0,10.930491598616534,0,0,0,0.9476236585206671,0.2625086042665441,0.6094452973272788,0
0,1,3.3424982560148453,0,0,1,0.47517086602262826,0.12188921208035897,0.6435521229874175,0
0,0,11.9288440439578,0,1,0,0.31725917435686757,0.5097570669008714,0.08800602751145226,1
1,1,9.172818927197563,0,1,0,0.7663040711189001,0.5852608755098465,0.893534583498437,1
0,0,14.331104999766325,0,1,0,0.49794859258226387,0.3593389905157872,0.3892663968090483,1
1,0,1.5939121748964837,0,1,0,0.31003402401245006,0.47535906768086855,0.31336940643035793,1
0,0,4.7145659257765375,1,0,0,0.8119677423908017,0.3635144573692667,0.4623614472477392,1
1,0,9.421754310197537,1,0,0,0.867152151001122,0.6410060573207013,0.39006606574762825,1
1,1,5.15183877088303,0,1,0,0.673008166288677,0.9012592077965633,0.8635770031391459,1
1,1,11.001938296997391,0,0,1,0.046964422407667294,0.16392026204694488,0.9292609751978921,1
0,1,11.626073955307033,0,1,1,0.5663228801665321,0.3814088099031234,0.3034532164496062,0
0,0,2.435223496930642,0,1,0,0.7632949119972816,0.14086860395086132,0.8639358074599548,0
0,0,8.193962498894749,1,1,0,0.13650301208358218,0.624943770407832,0.7815231295330671,0
1,0,8.124467778274783,1,1,0,0.22867075138460335,0.7288705094885958,0.9308076723447618,1
1,0,6.169930783017575,0,1,0,0.8824951050681364,0.9319127325974559,0.24575031218588783,0
1,0,14.060948075975409,0,1,1,0.020121721853074037,0.2788719262609649,0.5769591501209791,1
1,0,12.585088478225098,0,0,0,0.752727137825976,0.9502112058654302,0.27454458474044463,1
1,0,10.760931346734914,1,0,0,0.4737732925144229,0.0632626718206748,0.8240944904843742,1
0,0,11.000572900289965,1,0,1,0.44677215883960686,0.6030138633645882,0.005324190571064258,1
1,1,7.464026013383667,0,1,0,0.0070965324948871755,0.057132719343329974,0.5648191628863961,1
1,1,13.893923295352062,0,0,0,0.8193982309664928,0.8937741877619448,0.339203431271918,1
0,1,10.724335981545995,1,1,0,0.35982490063656647,0.5298090570700541,0.32268370707782024,1
1,0,11.20573486318143,1,0,0,0.5407656313005429,0.6693483507627961,0.644906323864917,1
0,0,13.063672653022834,0,1,0,0.6773006863356594,0.8315739259104525,0.8514844493139939,1
0,0,4.837002250790674,0,0,1,0.7026295764379158,0.15031062248396876,0.6091953913933262,1
1,1,12.298992654133842,0,1,1,0.9559800588260723,0.038591561938133845,0.8531729786467225,1
0,0,3.7333684413908887,0,1,0,0.5313399532366091,0.8788811459128522,0.26459711188102997,1
1,0,5.83478733142843,0,0,1,0.3997195509744276,0.3149332274589325,0.5195018547649811,1
0,1,5.698546359777798,0,0,0,0.9537036264917079,0.12897890792716526,0.450536539067076,1
0,0,14.699356557447969,0,1,1,0.6421102350255211,0.46846123708708653,0.011644899503096218,1
0,0,12.991521132470975,0,0,0,0.2981503562765556,0.5983060756960188,0.5568121431407401,1
0,0,10.816378062263636,1,0,1,0.12646424540357115,0.030970603422510123,0.6615243241461749,1
1,0,11.178794662615461,0,1,1,0.8425545014651813,0.2748956582570877,0.5919144044190701,1
0,0,8.869019121635995,0,1,0,0.36218160279415157,0.03279987427689601,0.7362798987834215,0
1,0,14.259269339519268,0,1,1,0.6604697213644312,0.42033538919549895,0.5713395284530771,1
1,0,7.947622540353062,0,0,1,0.47081641936589813,0.8951000290662443,0.06675025485075692,0
1,0,6.327247938178523,1,0,1,0.19892977979503834,0.9826524114935692,0.11644552408471143,1
1,1,3.2824947170422742,0,1,0,0.6016866086204651,0.6370475535036275,0.5964745775439524,1
1,0,12.006879131654811,0,1,1,0.06068306895068232,0.1616376937845918,0.2749791919736402,1
0,0,11.28221504905828,1,1,1,0.4133424598711922,0.9058493899993058,0.07964512903476584,0
0,0,6.380970539337889,0,0,0,0.546614939663671,0.5162478232000605,0.42960274344854676,1
0,1,1.352707795429211,1,0,1,0.43604697411857907,0.1537493121029181,0.5543225980836554,1
1,0,12.74596258805215,0,0,0,0.7486721752509908,0.9217266694516614,0.32874598834960655,0
0,0,1.1598517683570309,0,0,0,0.8279249545453125,0.757469050723103,0.720433702225778,1
1,1,10.851796914806712,0,0,0,0.771243074033178,0.7317052727231516,0.6437706081012446,0
1,1,14.5835995361648,0,0,0,0.03881294781180211,0.7091807037944047,0.33281836109167195,1
0,0,7.127258594074848,1,1,0,0.1941287704459722,0.20033982109644233,0.7548725289085606,1
1,1,4.289627669943338,1,0,0,0.5366075092637743,0.21100669170752606,0.6486950425330354,1
0,0,10.868194140607343,0,1,1,0.9348220404438012,0.688292998427255,0.6374453787179021,0
0,0,12.439793988218192,0,1,0,0.8349567750521169,0.21972275011039688,0.553427700787068,1
1,0,8.650024425089862,1,1,0,0.8425345083518017,0.43867169680304885,0.011389668088552796,1
1,0,14.538493853586047,1,0,0,0.3032081937596749,0.7820018255939414,0.6965071834768891,1
1,1,1.7233621032114554,0,1,0,0.42944789707870257,0.783952518097841,0.3760417911091565,0
1,0,8.067138376263394,0,1,1,0.4707059473159374,0.45326177252585964,0.9426097101586556,1
0,0,11.0583552625157,0,1,0,0.15737158334991042,0.7921899382752451,0.8179847710772054,0
1,1,13.076966596088505,1,1,1,0.031068130244456316,0.8386217961980568,0.5876944695313122,1
1,1,3.5095785667090604,0,1,0,0.9469028994605169,0.6547757512842602,0.25218198181926943,1
1,0,12.20004874469154,0,1,0,0.24071258566350673,0.22842585230842016,0.20371739327766658,1
0,0,8.737899060059634,1,0,0,0.2399489037236313,0.2740117803855475,0.3403848376775491,1
1,0,6.551751547859485,0,1,0,0.08337905376875954,0.31484115540873536,0.4765679435800185,1
0,1,2.84401040010731,0,0,0,0.9285077519437785,0.116804107733952,0.2960655100389471,1
0,0,13.114140624724774,0,1,0,0.579737114939772,0.2731596203699451,0.5149294953924828,1
1,1,3.201824914516015,0,0,0,0.6670368571253539,0.20951922431253212,0.16537042551318593,1
0,0,5.337030028927389,0,0,1,0.9115768872630525,0.45532874980860216,0.9777128128254999,1
1,0,5.060637447474116,0,1,0,0.3456201689007895,0.9084375478722649,0.10792455496499387,1
1,0,13.19979647867196,0,1,0,0.6215073111380841,0.10448031675395808,0.9319441396543721,0
